ID,CLASS,CODE,NAME,ONDATE,OFFDATE,ISSYSTEM,BASISON,BASISOFF,SHORT,ALPHA2,ALPHA3,EN,UPDATED
44036,9,8,НАРОДНАЯ СОЦИАЛИСТИЧЕСКАЯ РЕСПУБЛИКА АЛБАНИЯ(НСРА),1998-07-16 00:00:00.000,4712-12-31 00:00:00,1,312.0,,АЛБАНИЯ,AL,ALB,ALBANIA,2011-02-09 11:01:56.967
44037,9,470,РЕСПУБЛИКА МАЛЬТА,1995-04-17 00:00:00.000,4712-12-31 00:00:00,1,312.0,,МАЛЬТА,MT,MLT,MALTA,2011-02-09 11:01:56.967
44038,9,492,КНЯЖЕСТВО МОНАКО,1995-04-17 00:00:00.000,4712-12-31 00:00:00,1,312.0,,МОНАКО,MC,MCO,MONACO,2011-02-09 11:01:56.967
44039,9,500,МОНТСЕРРАТ (БРИТ.),1995-04-17 00:00:00.000,4712-12-31 00:00:00,1,312.0,,МОНТСЕРРАТ (БРИТ),MS,MSR,MONTSERRAT,2011-02-09 11:01:56.967
44040,9,562,РЕСПУБЛИКА НИГЕР,1995-04-17 00:00:00.000,4712-12-31 00:00:00,1,312.0,,НИГЕР,NE,NER,NIGER,2011-02-09 11:01:56.967
44041,9,578,КОРОЛЕВСТВО НОРВЕГИЯ,1995-04-17 00:00:00.000,4712-12-31 00:00:00,1,312.0,,НОРВЕГИЯ,NO,NOR,NORWAY,2011-02-09 11:01:56.967
44042,9,634,ГОСУДАРСТВО КАТАР,1995-04-17 00:00:00.000,4712-12-31 00:00:00,1,312.0,,КАТАР,QA,QAT,QATAR,2011-02-09 11:01:56.967
44043,9,296,РЕСПУБЛИКА КИРИБАТИ,1995-04-17 00:00:00.000,4712-12-31 00:00:00,1,312.0,,КИРИБАТИ,KI,KIR,KIRIBATI,2011-02-09 11:01:56.967
44044,9,422,ЛИВАНСКАЯ РЕСПУБЛИКА,1995-04-17 00:00:00.000,4712-12-31 00:00:00,1,312.0,,ЛИВАН,LB,LBN,LEBANON,2011-02-09 11:01:56.967
44045,9,626,ВОСТОЧНЫЙ ТИМОР,1995-04-17 00:00:00.000,4712-12-31 00:00:00,1,312.0,,ВОСТОЧНЫЙ ТИМОР,TP,TMP,EAST TIMOR,2011-02-09 11:01:56.967
44046,9,308,ГРЕНАДА,1995-04-17 00:00:00.000,4712-12-31 00:00:00,1,312.0,,ГРЕНАДА,GD,GRD,GRENADA,2011-02-09 11:01:56.967
44047,9,872,ОСТРОВ УЭЙК,1995-04-17 00:00:00.000,4712-12-31 00:00:00,1,1.0,,О-В УЭЙК,WK,WAK,,2011-02-09 11:01:56.967
44048,9,876,ОСТРОВА УОЛЛИС И ФУТУНА,1995-04-17 00:00:00.000,4712-12-31 00:00:00,1,1.0,,УОЛЛИС И ФУТУНА,WF,WLF,WALLIS AND FUTUNA ISLANDS,2011-02-09 11:01:56.967
44049,9,152,РЕСПУБЛИКА ЧИЛИ,1995-04-17 00:00:00.000,4712-12-31 00:00:00,1,1.0,,ЧИЛИ,CL,CHL,CHILE,2011-02-09 11:01:56.967
44050,9,334,ХЕРД И МАКДОНАЛЬД (В СОСТАВЕ АВСТРАЛИИ),1995-04-17 00:00:00.000,4712-12-31 00:00:00,1,312.0,,ХЕРД И МАКДОНАЛЬД,HM,HMD,HEARD AND MC DONALD ISLANDS,2011-02-09 11:01:56.967
44051,9,148,РЕСПУБЛИКА ЧАД,1995-04-17 00:00:00.000,4712-12-31 00:00:00,1,312.0,,ЧАД,TD,TCD,CHAD,2011-02-09 11:01:56.967
44052,9,666,СЕН-ПЬЕР И МИКЕЛОН (ФР.),1995-04-17 00:00:00.000,4712-12-31 00:00:00,1,1.0,,С-ПЬЕР И МИКЕЛОН,PM,SPM,ST.PIERRE AND MIQUELON,2011-02-09 11:01:56.967
44053,9,686,РЕСПУБЛИКА СЕНЕГАЛ,1995-04-17 00:00:00.000,4712-12-31 00:00:00,1,1.0,,СЕНЕГАЛ,SN,SEN,SENEGAL,2011-02-09 11:01:56.967
44054,9,736,РЕСПУБЛИКА СУДАН,1995-04-17 00:00:00.000,4712-12-31 00:00:00,1,1.0,,СУДАН,SD,SDN,SUDAN,2011-02-09 11:01:56.967
44055,9,776,КОРОЛЕВСТВО ТОНГА,1995-04-17 00:00:00.000,4712-12-31 00:00:00,1,1.0,,ТОНГА,TO,TON,TONGA,2011-02-09 11:01:56.967
44056,9,780,РЕСПУБЛИКА ТРИНИДАД И ТОБАГО,1995-04-17 00:00:00.000,4712-12-31 00:00:00,1,1.0,,ТРИНИДАД И ТОБАГО,TT,TTO,TRINIDAD AND TOBAGO,2011-02-09 11:01:56.967
44057,9,440,ЛИТВА,1998-07-16 00:00:00.000,4712-12-31 00:00:00,1,312.0,,ЛИТВА,LT,LTU,LITHUANIA,2011-02-09 11:01:56.967
44058,9,807,МАКЕДОНИЯ (ЧАСТЬ БЫВШЕЙ РЕСПУБЛИКИ ЮГОСЛАВИИ),1998-07-16 00:00:00.000,4712-12-31 00:00:00,1,312.0,,МАКЕДОНИЯ,MK,MKD,THE FORMEN JUGOSLAV REPUBLIK OF MAKEDONI,2011-02-09 11:01:56.967
44059,9,705,СЛОВЕНИЯ,1998-07-16 00:00:00.000,4712-12-31 00:00:00,1,312.0,,СЛОВЕНИЯ,SI,SVN,,2011-02-09 11:01:56.967
44060,9,860,УЗБЕКИСТАН,1998-07-16 00:00:00.000,4712-12-31 00:00:00,1,312.0,,УЗБЕКИСТАН,UZ,UZB,UZBEKISTAN,2011-02-09 11:01:56.967
44061,9,36,АВСТРАЛИЯ,1995-04-17 00:00:00.000,4712-12-31 00:00:00,1,1.0,,АВСТРАЛИЯ,AU,AUS,AUSTRALIA,2011-02-09 11:01:56.967
44062,9,548,РЕСПУБЛИКА ВАНУАТУ,1995-04-17 00:00:00.000,4712-12-31 00:00:00,1,1.0,,ВАНУАТУ,VU,VUT,VANUATU,2011-02-09 11:01:56.967
44063,9,348,ВЕНГЕРСКАЯ РЕСПУБЛИКА,1995-04-17 00:00:00.000,4712-12-31 00:00:00,1,1.0,,ВЕНГРИЯ,HU,HUN,HUNGARY,2011-02-09 11:01:56.967
44064,9,340,РЕСПУБЛИКА ГОНДУРАС,1995-04-17 00:00:00.000,4712-12-31 00:00:00,1,1.0,,ГОНДУРАС,HN,HND,HONDURAS,2011-02-09 11:01:56.967
44065,9,890,Социалистическая Федеративная Республика Югославия,2001-05-25 00:00:00.000,4712-12-31 00:00:00,1,201853.0,,СФРЮ,,,,2011-02-09 11:01:56.967
44066,9,184,КУКА ОСТРОВА,2006-02-17 00:00:00.000,4712-12-31 00:00:00,1,452195.0,,О-ВА КУКА,CK,COK,COOK ISLANDS,2011-02-09 11:01:56.967
44067,9,499,РЕСПУБЛИКА ЧЕРНОГОРИЯ,2007-02-01 00:00:00.000,4712-12-31 00:00:00,1,496526.0,,ЧЕРНОГОРИЯ,ME,MNE,,2011-02-09 11:01:56.967
44068,9,417,КЫРГЫЗСТАН,1998-07-16 00:00:00.000,4712-12-31 00:00:00,1,312.0,,КЫРГЫЗСТАН,KG,KGZ,KYRGHITAN,2011-02-09 11:01:56.967
44069,9,458,МАЛАЙЗИЯ,1995-04-17 00:00:00.000,4712-12-31 00:00:00,1,312.0,,МАЛАЙЗИЯ,MY,MYS,MALAYSIA,2011-02-09 11:01:56.967
44070,9,426,КОРОЛЕВСТВО ЛЕСОТО,1995-04-17 00:00:00.000,4712-12-31 00:00:00,1,312.0,,ЛЕСОТО,LS,LSO,LESOTHO,2011-02-09 11:01:56.967
44071,9,262,РЕСПУБЛИКА ДЖИБУТИ,1995-04-17 00:00:00.000,4712-12-31 00:00:00,1,312.0,,ДЖИБУТИ,DJ,DJI,DJIBOUTI,2011-02-09 11:01:56.967
44072,9,232,ЭРИТРЕЯ,1995-04-17 00:00:00.000,4712-12-31 00:00:00,1,1.0,,ЭРИТРЕЯ,ER,ERI,ERITREA,2011-02-09 11:01:56.967
44073,9,32,АРГЕНТИНСКАЯ РЕСПУБЛИКА,1995-04-17 00:00:00.000,4712-12-31 00:00:00,1,312.0,,АРГЕНТИНА,AR,ARG,ARGENTINA,2011-02-09 11:01:56.967
44075,9,226,РЕСПУБЛИКА ЭКВАТОРИАЛЬНАЯ ГВИНЕЯ,1995-04-17 00:00:00.000,4712-12-31 00:00:00,1,1.0,,ЭКВАТОР. ГВИНЕЯ,GQ,GNQ,EQUATORIAL GUINEA,2011-02-09 11:01:56.967
44076,9,246,ФИНЛЯНДСКАЯ РЕСПУБЛИКА,1995-04-17 00:00:00.000,4712-12-31 00:00:00,1,312.0,,ФИНЛЯНДИЯ,FI,FIN,FINLAND,2011-02-09 11:01:56.967
44077,9,231,ЭФИОПИЯ,1995-04-17 00:00:00.000,4712-12-31 00:00:00,1,312.0,,ЭФИОПИЯ,ET,ETH,ETHIOPIA,2011-02-09 11:01:56.967
44078,9,638,РЕЮНЬОН (ФР.),1995-04-17 00:00:00.000,4712-12-31 00:00:00,1,1.0,,РЕЮНЬОН,RE,REU,REUNION,2011-02-09 11:01:56.967
44079,9,581,МАЛЫЕ ТИХООКЕАНСКИЕ ОТДАЛЕННЫЕ ОСТРОВА (США),1995-04-17 00:00:00.000,4712-12-31 00:00:00,1,1.0,,МАЛЫЕ ТИХООК.О-ВА,UM,UMI,UNITED STATES MINOR OUTLYING ISLANDS,2011-02-09 11:01:56.967
44080,9,600,РЕСПУБЛИКА ПАРАГВАЙ,1995-04-17 00:00:00.000,4712-12-31 00:00:00,1,312.0,,ПАРАГВАЙ,PY,PRY,PARAGUAY,2011-02-09 11:01:56.967
44081,9,604,РЕСПУБЛИКА ПЕРУ,1995-04-17 00:00:00.000,4712-12-31 00:00:00,1,312.0,,ПЕРУ,PE,PER,PERU,2011-02-09 11:01:56.967
44082,9,646,РУАНДИЙСКАЯ РЕСПУБЛИКА,1995-04-17 00:00:00.000,4712-12-31 00:00:00,1,312.0,,РУАНДА,RW,RWA,RWANDA,2011-02-09 11:01:56.967
44083,9,662,СЕНТ-ЛЮСИЯ,1995-04-17 00:00:00.000,4712-12-31 00:00:00,1,312.0,,СЕНТ-ЛЮСИЯ,LC,LCA,SAINT LUCIA,2011-02-09 11:01:56.967
44084,9,772,ТОКЕЛАУ (ЮНИОН) (Н.ЗЕЛ.),1995-04-17 00:00:00.000,4712-12-31 00:00:00,1,312.0,,ТОКЕЛАУ (ЮНИОН),TK,TKL,TOKELAU,2011-02-09 11:01:56.967
44085,9,450,ДЕМОКРАТИЧЕСКАЯ РЕСПУБЛИКА МАДАГАСКАР (ДРМ),1998-07-16 00:00:00.000,4712-12-31 00:00:00,1,1.0,,МАДАГАСКАР,MG,MDG,MADAGASCAR,2011-02-09 11:01:56.967
44086,9,630,СОДРУЖЕСТВО ПУЭРТО-РИКО (США),1998-07-16 00:00:00.000,4712-12-31 00:00:00,1,312.0,,ПУЭРТО-РИКО,PR,PRI,PUERTO RICO,2011-02-09 11:01:56.967
44087,9,191,ХОРВАТИЯ,1998-07-16 00:00:00.000,4712-12-31 00:00:00,1,312.0,,ХОРВАТИЯ,HR,HRV,,2011-02-09 11:01:56.967
44088,9,233,ЭСТОНИЯ,1998-07-16 00:00:00.000,4712-12-31 00:00:00,1,312.0,,ЭСТОНИЯ,EE,EST,ESTONIA,2011-02-09 11:01:56.967
44089,9,200,Чехословацкая Социалистическая Республика (Чехословакия),2001-05-25 00:00:00.000,4712-12-31 00:00:00,1,201853.0,,ЧССР,,,,2011-02-09 11:01:56.967
44090,9,278,Германская Демократическая Республика,2001-05-25 00:00:00.000,4712-12-31 00:00:00,1,201853.0,,ГДР,,,,2011-02-09 11:01:56.967
44091,9,31,РЕСПУБЛИКА АЗЕРБАЙДЖАН,2007-02-01 00:00:00.000,4712-12-31 00:00:00,1,496525.0,,АЗЕРБАЙДЖАН,AZ,AZE,AZERBADJAN,2011-02-09 11:01:56.967
44092,9,528,КОРОЛЕВСТВО НИДЕРЛАНДЫ,1995-04-17 00:00:00.000,4712-12-31 00:00:00,1,1.0,,НИДЕРЛАНДЫ,NL,NLD,NETHERLANDS,2011-02-09 11:01:56.967
44093,9,20,КНЯЖЕСТВО АНДОРРА,1995-04-17 00:00:00.000,4712-12-31 00:00:00,1,1.0,,АНДОРРА,AD,AND,ANDORRA,2011-02-09 11:01:56.967
44094,9,28,АНТИГУА И БАРБУДА,1995-04-17 00:00:00.000,4712-12-31 00:00:00,1,1.0,,АНТИГУА И БАРБУДА,AG,ATG,ANTIGUA AND BARBUDA,2011-02-09 11:01:56.967
44095,9,68,РЕСПУБЛИКА БОЛИВИЯ,1995-04-17 00:00:00.000,4712-12-31 00:00:00,1,1.0,,БОЛИВИЯ,BO,BOL,BOLIVIA,2011-02-09 11:01:56.967
44096,9,16,АМЕРИКАНСКОЕ САМОА,1995-04-17 00:00:00.000,4712-12-31 00:00:00,1,1.0,,ВОСТ.САМОА(США),AS,ASM,AMERICAN SAMOA,2011-02-09 11:01:56.967
44097,9,364,ИСЛАМСКАЯ РЕСПУБЛИКА ИРАН (ИРИ),1995-04-17 00:00:00.000,4712-12-31 00:00:00,1,1.0,,ИРАН,IR,IRN,IRAN (ISLAMIC REPUBLIC OF),2011-02-09 11:01:56.967
44098,9,120,РЕСПУБЛИКА КАМЕРУН,1995-04-17 00:00:00.000,4712-12-31 00:00:00,1,1.0,,КАМЕРУН,CM,CMR,CAMEROON,2011-02-09 11:01:56.967
44099,9,430,РЕСПУБЛИКА ЛИБЕРИЯ,1995-04-17 00:00:00.000,4712-12-31 00:00:00,1,1.0,,ЛИБЕРИЯ,LR,LBR,LIBERIA,2011-02-09 11:01:56.967
44100,9,368,РЕСПУБЛИКА ИРАК,2006-02-17 00:00:00.000,4712-12-31 00:00:00,1,452195.0,,ИРАК,IQ,IRQ,IRAQ,2011-02-09 11:01:56.967
44101,9,60,БЕРМУДСКИЕ ОСТРОВА (БРИТ.),1998-07-16 00:00:00.000,4712-12-31 00:00:00,1,312.0,,БЕРМУДСКИЕ О-ВА,BM,BMU,BERMUDA,2011-02-09 11:01:56.967
44102,9,704,НАРОДНАЯ РЕСПУБЛИКА ВЬЕТНАМ (СРВ),1998-07-16 00:00:00.000,4712-12-31 00:00:00,1,312.0,,ВЬЕТНАМ,VN,VNM,VIET NAM,2011-02-09 11:01:56.967
44103,9,428,ЛАТВИЯ,1998-07-16 00:00:00.000,4712-12-31 00:00:00,1,312.0,,ЛАТВИЯ,LV,LVA,LATVIA,2011-02-09 11:01:56.967
44104,9,520,РЕСПУБЛИКА НАУРУ,1995-04-17 00:00:00.000,4712-12-31 00:00:00,1,312.0,,НАУРУ,NR,NRU,NAURU,2011-02-09 11:01:56.967
44105,9,566,ФЕДЕРАТИВНАЯ РЕСПУБЛИКА НИГЕРИЯ,1995-04-17 00:00:00.000,4712-12-31 00:00:00,1,312.0,,НИГЕРИЯ,NG,NGA,NIGERIA,2011-02-09 11:01:56.967
44106,9,558,РЕСПУБЛИКА НИКАРАГУА,1995-04-17 00:00:00.000,4712-12-31 00:00:00,1,312.0,,НИКАРАГУА,NI,NIC,NICARAGUA,2011-02-09 11:01:56.967
44107,9,372,ИРЛАНДИЯ,1995-04-17 00:00:00.000,4712-12-31 00:00:00,1,312.0,,ИРЛАНДИЯ,IE,IRL,IRELAND,2011-02-09 11:01:56.967
44108,9,116,ГОСУДАРСТВО КАМБОДЖА,1995-04-17 00:00:00.000,4712-12-31 00:00:00,1,312.0,,КАМБОДЖА,KH,KHM,KAMPUCHEA,2011-02-09 11:01:56.967
44109,9,124,КАНАДА,1995-04-17 00:00:00.000,4712-12-31 00:00:00,1,312.0,,КАНАДА,CA,CAN,CANADA,2011-02-09 11:01:56.967
44110,9,894,РЕСПУБЛИКА ЗАМБИЯ,1995-04-17 00:00:00.000,4712-12-31 00:00:00,1,312.0,,ЗАМБИЯ,ZM,ZMB,ZAMBIA,2011-02-09 11:01:56.967
44111,9,212,СОДРУЖЕСТВО ДОМИНИКИ,1995-04-17 00:00:00.000,4712-12-31 00:00:00,1,312.0,,ДОМИНИКА,DM,DMA,DOMINICA,2011-02-09 11:01:56.967
44112,9,72,РЕСПУБЛИКА БОТСВАНА,1995-04-17 00:00:00.000,4712-12-31 00:00:00,1,312.0,,БОТСВАНА,BW,BWA,BOTSWANA,2011-02-09 11:01:56.967
44113,9,140,ЦЕНТРАЛЬНОАФРИКАНСКАЯ РЕСПУБЛИКА (ЦАР),1995-04-17 00:00:00.000,4712-12-31 00:00:00,1,1.0,,ЦЕНТР.АФР.РЕСПУБ.,CF,CAF,CENTRAL AFRICAN REPUBLIC,2011-02-09 11:01:56.967
44114,9,90,СОЛОМОНОВЫ ОСТРОВА,1995-04-17 00:00:00.000,4712-12-31 00:00:00,1,1.0,,СОЛОМОНОВЫ О-ВА,SB,SLB,SOLOMON ISLANDS,2011-02-09 11:01:56.967
44115,9,462,МАЛЬДИВСКАЯ РЕСПУБЛИКА,1995-04-17 00:00:00.000,4712-12-31 00:00:00,1,1.0,,МАЛЬДИВЫ,MV,MDV,MALDIVES,2011-02-09 11:01:56.967
44116,9,690,РЕСПУБЛИКА СЕЙШЕЛЬСКИЕ ОСТРОВА,1995-04-17 00:00:00.000,4712-12-31 00:00:00,1,312.0,,СЕЙШЕЛЬСКИЕ О-ВА,SC,SYC,SEYCHELLES,2011-02-09 11:01:56.967
44117,9,740,РЕСПУБЛИКА СУРИНАМ,1995-04-17 00:00:00.000,4712-12-31 00:00:00,1,312.0,,СУРИНАМ,SR,SUR,SURINAME,2011-02-09 11:01:56.967
44118,9,796,ТЕРКС И КАЙКОС (БРИТ.),1995-04-17 00:00:00.000,4712-12-31 00:00:00,1,312.0,,ТЕРКС И КАЙКОС,TC,TCA,TURKS AND CAICOS ISLANDS,2011-02-09 11:01:56.967
44119,9,642,РУМЫНИЯ,1998-07-16 00:00:00.000,4712-12-31 00:00:00,1,312.0,,РУМЫНИЯ,RO,ROM,ROMANIA,2011-02-09 11:01:56.967
44120,9,344,"КИТАЙ, САР ГОНКОНГ",1998-07-16 00:00:00.000,4712-12-31 00:00:00,1,312.0,,САР ГОНКОНГ,HK,HKG,HONG KONG,2011-02-09 11:01:56.967
44121,9,300,ГРЕЧЕСКАЯ РЕСПУБЛИКА,1995-04-17 00:00:00.000,4712-12-31 00:00:00,1,1.0,,ГРЕЦИЯ,GR,GRC,GREECE,2011-02-09 11:01:56.967
44122,9,376,ГОСУДАРСТВО ИЗРАИЛЬ,1995-04-17 00:00:00.000,4712-12-31 00:00:00,1,1.0,,ИЗРАИЛЬ,IL,ISR,ISRAEL,2011-02-09 11:01:56.967
44123,9,166,КОКОСОВЫЕ (КИЛИНГ) ОСТРОВА (В СОСТАВЕ АВСТРАЛИИ),1995-04-17 00:00:00.000,4712-12-31 00:00:00,1,1.0,,КОКОСОВЫЕ О-ВА,CC,CCK,COCOS (KEELING) ISLANDS,2011-02-09 11:01:56.967
44124,9,478,ИСЛАМСКАЯ РЕСПУБЛИКА МАВРИТАНИЯ,1995-04-17 00:00:00.000,4712-12-31 00:00:00,1,1.0,,МАВРИТАНИЯ,MR,MRT,MAURITANIA,2011-02-09 11:01:56.967
44125,9,516,РЕСПУБЛИКА НАМИБИЯ,2006-02-17 00:00:00.000,4712-12-31 00:00:00,1,452195.0,,НАМИБИЯ,,NAM,NAMIBIA,2011-02-09 11:01:56.967
44126,9,180,ДЕМОКРАТИЧЕСКАЯ РЕСПУБЛИКА КОНГО (ранее - ЗАИР),2010-01-01 00:00:00.000,4712-12-31 00:00:00,1,,,"КОНГО, ДЕМ. РЕСП.",CD,COD,,2011-02-09 11:01:56.967
44127,9,12,АЛЖИРСКАЯ НАРОДНАЯ ДЕМОКРАТИЧЕСКАЯ РЕСПУБЛИКА (АНДР),1998-07-16 00:00:00.000,4712-12-31 00:00:00,1,312.0,,АЛЖИР,DZ,DZA,ALGERIA,2011-02-09 11:01:56.967
44128,9,418,ЛАОССКАЯ НАРОДНО-ДЕМОКРАТИЧЕСКАЯ РЕСПУБЛИКА (ЛНДР),1998-07-16 00:00:00.000,4712-12-31 00:00:00,1,312.0,,ЛАОС,LA,LAO,LAO PEOPLE`S  DEMOCRATIC REPUBLIC,2011-02-09 11:01:56.967
44129,9,466,РЕСПУБЛИКА МАЛИ,1995-04-17 00:00:00.000,4712-12-31 00:00:00,1,312.0,,МАЛИ,ML,MLI,MALI,2011-02-09 11:01:56.967
44130,9,170,РЕСПУБЛИКА КОЛУМБИЯ,1995-04-17 00:00:00.000,4712-12-31 00:00:00,1,312.0,,КОЛУМБИЯ,CO,COL,COLOMBIA,2011-02-09 11:01:56.967
44131,9,254,ГВИАНА (ФР.),1995-04-17 00:00:00.000,4712-12-31 00:00:00,1,312.0,,ГВИАНА (ФР.),GF,GUF,FRENCH GUIANA,2011-02-09 11:01:56.967
44132,9,292,ГИБРАЛТАР (БРИТ.),1995-04-17 00:00:00.000,4712-12-31 00:00:00,1,312.0,,ГИБРАЛТАР (БРИТ.),GI,GIB,GIBRALTAR,2011-02-09 11:01:56.967
44133,9,818,АРАБСКАЯ РЕСПУБЛИКА ЕГИПЕТ (АРЕ),1995-04-17 00:00:00.000,4712-12-31 00:00:00,1,312.0,,ЕГИПЕТ,EG,EGY,EGYPT,2011-02-09 11:01:56.967
44134,9,396,ДЖОНСТОН АТОЛЛ,1995-04-17 00:00:00.000,4712-12-31 00:00:00,1,1.0,,ДЖОНСТОН АТОЛЛ,JT,JTN,,2011-02-09 11:01:56.967
44135,9,830,НОРМАНДСКИЕ ОСТРОВА,1995-04-17 00:00:00.000,4712-12-31 00:00:00,1,1.0,,НОРМАНДСКИЕ О-ВА,,,,2011-02-09 11:01:56.967
44136,9,608,РЕСПУБЛИКА ФИЛИППИНЫ,1995-04-17 00:00:00.000,4712-12-31 00:00:00,1,1.0,,ФИЛИППИНЫ,PH,PHL,PHILIPPINES,2011-02-09 11:01:56.967
44137,9,238,"ФОЛКЛЕНДСКИЕ (МАЛЬВИНСКИЕ) ОСТРОВА (СПОРН.БРИТ.,АРГ.)",1995-04-17 00:00:00.000,4712-12-31 00:00:00,1,1.0,,ФОЛКЛЕНДСКИЕ О-ВА,FK,FLK,FALKLAND ISLANDS (MALVINAS),2011-02-09 11:01:56.967
44138,9,258,ФРАНЦУЗСКАЯ ПОЛИНЕЗИЯ (ФР.),1995-04-17 00:00:00.000,4712-12-31 00:00:00,1,1.0,,ФР. ПОЛИНЕЗИЯ,PF,PYF,FRENCH POLYNESIA,2011-02-09 11:01:56.967
44139,9,752,КОРОЛЕВСТВО ШВЕЦИЯ,1995-04-17 00:00:00.000,4712-12-31 00:00:00,1,1.0,,ШВЕЦИЯ,SE,SWE,SWEDEN,2011-02-09 11:01:56.967
44140,9,756,ШВЕЙЦАРСКАЯ КОНФЕДЕРАЦИЯ,1995-04-17 00:00:00.000,4712-12-31 00:00:00,1,312.0,,ШВЕЙЦАРИЯ,CH,CHE,SWITZERLAND,2011-02-09 11:01:56.967
44141,9,744,ШПИЦБЕРГЕН И ЯН-МАЙЕН (НОРВ.),1995-04-17 00:00:00.000,4712-12-31 00:00:00,1,312.0,,ШПИЦБЕРГЕН О-ВА,SJ,SJM,SVALBARD AND JAN MAYEN ISLANDS,2011-02-09 11:01:56.967
44142,9,218,РЕСПУБЛИКА ЭКВАДОР,1995-04-17 00:00:00.000,4712-12-31 00:00:00,1,312.0,,ЭКВАДОР,EC,ECU,ECUADOR,2011-02-09 11:01:56.967
44143,9,748,КОРОЛЕВСТВО СВАЗИЛЕНД,1995-04-17 00:00:00.000,4712-12-31 00:00:00,1,1.0,,СВАЗИЛЕНД,SZ,SWZ,SWAZILAND,2011-02-09 11:01:56.967
44144,9,158,ТАЙВАНЬ (В СОСТАВЕ КИТАЯ),1995-04-17 00:00:00.000,4712-12-31 00:00:00,1,312.0,,ТАЙВАНЬ,TW,TWN,"TAIWAN,PROVINCE OF CHINA",2011-02-09 11:01:56.967
44145,9,591,РЕСПУБЛИКА ПАНАМА,1995-04-17 00:00:00.000,4712-12-31 00:00:00,1,312.0,,ПАНАМА,PA,PAN,PANAMA,2011-02-09 11:01:56.967
44146,9,580,МАРИАНСКИЕ ОСТРОВА (В СОСТАВЕ МИКРОНЕЗИИ) (ОПЕКА США),1998-07-16 00:00:00.000,4712-12-31 00:00:00,1,312.0,,МАРИАНСКИЕ О-ВА,MP,MNP,NORTHERN MARIANA ISLANDS,2011-02-09 11:01:56.967
44147,9,583,МИКРОНЕЗИЯ (ОПЕКА США),1998-07-16 00:00:00.000,4712-12-31 00:00:00,1,312.0,,МИКРОНЕЗИЯ (США),FM,FSM,MICRONESIA,2011-02-09 11:01:56.967
44148,9,585,РЕСПУБЛИКА ПАЛАУ (БЕЛАУ) (В СОСТАВЕ МИКНЕЗИИ),1998-07-16 00:00:00.000,4712-12-31 00:00:00,1,312.0,,ПАЛАУ,PW,PLW,PALAU,2011-02-09 11:01:56.967
44149,9,760,СИРИЙСКАЯ АРАБСКАЯ РЕСПУБЛИКА (САР),1998-07-16 00:00:00.000,4712-12-31 00:00:00,1,312.0,,СИРИЯ,SY,SYR,SYRIAN ARAB REPUBLIC,2011-02-09 11:01:56.967
44150,9,512,СУЛТАНАТ ОМАН,1995-04-17 00:00:00.000,4712-12-31 00:00:00,1,1.0,,ОМАН,OM,OMN,OMAN,2011-02-09 11:01:56.967
44151,9,586,ИСЛАМСКАЯ РЕСПУБЛИКА ПАКИСТАН,1995-04-17 00:00:00.000,4712-12-31 00:00:00,1,1.0,,ПАКИСТАН,PK,PAK,PAKISTAN,2011-02-09 11:01:56.967
44152,9,643,РОССИЙСКАЯ ФЕДЕРАЦИЯ,1995-04-17 00:00:00.000,4712-12-31 00:00:00,1,1.0,,РОССИЯ,RU,RUS,RUSSIAN FEDERATION,2011-02-09 11:01:56.967
44153,9,40,АВСТРИЙСКАЯ РЕСПУБЛИКА,1995-04-17 00:00:00.000,4712-12-31 00:00:00,1,1.0,,АВСТРИЯ,AT,AUT,AUSTRIA,2011-02-09 11:01:56.967
44154,9,112,РЕСПУБЛИКА БЕЛАРУСЬ,1995-04-17 00:00:00.000,4712-12-31 00:00:00,1,1.0,,БЕЛАРУСЬ,BY,BLS,BELARUS,2011-02-09 11:01:56.967
44155,9,854,БУРКИНА-ФАСО,1995-04-17 00:00:00.000,4712-12-31 00:00:00,1,1.0,,БУРКИНА ФАСО,BF,BFA,BURKINA FASO,2011-02-09 11:01:56.967
44156,9,270,РЕСПУБЛИКА ГАМБИЯ,1995-04-17 00:00:00.000,4712-12-31 00:00:00,1,1.0,,ГАМБИЯ,GM,GMB,GAMBIA,2011-02-09 11:01:56.967
44157,9,320,РЕСПУБЛИКА ГВАТЕМАЛА,1995-04-17 00:00:00.000,4712-12-31 00:00:00,1,1.0,,ГВАТЕМАЛА,GT,GTM,GUATEMALA,2011-02-09 11:01:56.967
44158,9,324,ГВИНЕЙСКАЯ РЕСПУБЛИКА,1995-04-17 00:00:00.000,4712-12-31 00:00:00,1,1.0,,ГВИНЕЯ,GN,GIN,GUINEA,2011-02-09 11:01:56.967
44159,9,404,РЕСПУБЛИКА КЕНИЯ,1995-04-17 00:00:00.000,4712-12-31 00:00:00,1,1.0,,КЕНИЯ,KE,KEN,KENYA,2011-02-09 11:01:56.967
44160,9,156,КИТАЙСКАЯ НАРОДНАЯ РЕСПУБЛИКА (КНР),1995-04-17 00:00:00.000,4712-12-31 00:00:00,1,1.0,,КИТАЙ,CN,CHN,CHINA,2011-02-09 11:01:56.967
44161,9,410,РЕСПУБЛИКА КОРЕЯ,1995-04-17 00:00:00.000,4712-12-31 00:00:00,1,1.0,,КОРЕЯ РЕСП.,KR,KOR,"KOREA,REPUBLIC OF",2011-02-09 11:01:56.967
44162,9,188,РЕСПУБЛИКА КОСТА-РИКА,1995-04-17 00:00:00.000,4712-12-31 00:00:00,1,1.0,,КОСТА-РИКА,CR,CRI,COSTA RICA,2011-02-09 11:01:56.967
44163,9,414,ГОСУДАРСТВО КУВЕЙТ,1995-04-17 00:00:00.000,4712-12-31 00:00:00,1,1.0,,КУВЕЙТ,KW,KWT,KUWAIT,2011-02-09 11:01:56.967
44164,9,174,СОЮЗ КОМОРЫ,2007-02-01 00:00:00.000,4712-12-31 00:00:00,1,496526.0,,КОМОРЫ,KM,COM,COMOROS,2011-02-09 11:01:56.967
44165,9,136,КАЙМАН ОСТРОВА,2006-02-17 00:00:00.000,4712-12-31 00:00:00,1,452195.0,,КАЙМАН,KY,CYM,CAYMAN ISLANDS,2011-02-09 11:01:56.967
44166,9,242,РЕСПУБЛИКА ОСТРОВОВ ФИДЖИ,2006-02-17 00:00:00.000,4712-12-31 00:00:00,1,452195.0,,ФИДЖИ,FJ,FJI,FIJI,2011-02-09 11:01:56.967
44167,9,688,РЕСПУБЛИКА СЕРБИЯ,2007-02-01 00:00:00.000,4712-12-31 00:00:00,1,496526.0,,СЕРБИЯ,RS,SRB,,2011-02-09 11:01:56.967
44168,9,24,НАРОДНАЯ РЕСПУБЛИКА АНГОЛА (НРА),1998-07-16 00:00:00.000,4712-12-31 00:00:00,1,312.0,,АНГОЛА,AO,AGO,ANGOLA,2011-02-09 11:01:56.967
44169,9,446,АОМЫНЬ (МАКАО) (ПОРТ.),1998-07-16 00:00:00.000,4712-12-31 00:00:00,1,312.0,,АОМЫНЬ (МАКАО),MO,MAC,MACAU,2011-02-09 11:01:56.967
44170,9,51,АРМЕНИЯ,1998-07-16 00:00:00.000,4712-12-31 00:00:00,1,312.0,,АРМЕНИЯ,AM,ARM,ARMENIA,2011-02-09 11:01:56.967
44171,9,274,ГАЗА СЕКТОР,1998-07-16 00:00:00.000,4712-12-31 00:00:00,1,312.0,,ГАЗА СЕКТОР,,,,2011-02-09 11:01:56.967
44172,9,276,ГЕРМАНИЯ,1998-07-16 00:00:00.000,4712-12-31 00:00:00,1,312.0,,ГЕРМАНИЯ,DE,DEU,GERMANY,2011-02-09 11:01:56.967
44173,9,408,КОРЕЙСКАЯ НАР-ДЕМ. РЕСПУБЛИКА,1998-07-16 00:00:00.000,4712-12-31 00:00:00,1,312.0,,КОРЕЯ (КНДР),KP,PRK,"KOREA, DEMOCRATIC PEOPLE`S REPUBLIC OF",2011-02-09 11:01:56.967
44174,9,654,ОСТРОВ СВЯТОЙ ЕЛЕНЫ (БРИТ.),1995-04-17 00:00:00.000,4712-12-31 00:00:00,1,312.0,,О-В СВЯТОЙ ЕЛЕНЫ,SH,SHN,ST.HELENA,2011-02-09 11:01:56.967
44175,9,716,РЕСПУБЛИКА ЗИМБАБВЕ,1995-04-17 00:00:00.000,4712-12-31 00:00:00,1,312.0,,ЗИМБАБВЕ,ZW,ZWE,ZIMBABWE,2011-02-09 11:01:56.967
44176,9,86,БРИТАНСКАЯ ТЕРРИТОРИЯ В ИНДИЙСКОМ ОКЕАНЕ (БРИТ.),1995-04-17 00:00:00.000,4712-12-31 00:00:00,1,312.0,,БРИТ.ТЕР.В ИНД.ОК,IO,IOT,BRITISH INDIAN OCEAN TERRITORY,2011-02-09 11:01:56.967
44177,9,488,ОСТРОВА МИДУЭЙ,1995-04-17 00:00:00.000,4712-12-31 00:00:00,1,1.0,,ОСТРОВА МИДУЭЙ,MI,MID,MIDWAY ISLANDS,2011-02-09 11:01:56.967
44178,9,530,НИДЕРЛАНДСКИЕ АНТИЛЬСКИЕ ОСТРОВА,1995-04-17 00:00:00.000,4712-12-31 00:00:00,1,312.0,,АНТИЛЬСКИЕ О-ВА,AN,ANT,NETHERLANDS ANTILLES,2011-02-09 11:01:56.967
44179,9,84,БЕЛИЗ,1995-04-17 00:00:00.000,4712-12-31 00:00:00,1,312.0,,БЕЛИЗ,BZ,BLZ,BELIZE,2011-02-09 11:01:56.967
44180,9,56,КОРОЛЕВСТВО БЕЛЬГИЯ,1995-04-17 00:00:00.000,4712-12-31 00:00:00,1,312.0,,БЕЛЬГИЯ,BE,BEL,BELGIUM,2011-02-09 11:01:56.967
44181,9,204,НАРОДНАЯ РЕСПУБЛИКА БЕНИН,1995-04-17 00:00:00.000,4712-12-31 00:00:00,1,312.0,,БЕНИН,BJ,BEN,BENIN,2011-02-09 11:01:56.967
44182,9,788,ТУНИССКАЯ РЕСПУБЛИКА,1995-04-17 00:00:00.000,4712-12-31 00:00:00,1,1.0,,ТУНИС,TN,TUN,TUNISIA,2011-02-09 11:01:56.967
44183,9,678,ДЕМОКРАТИЧЕСКАЯ РЕСПУБЛИКА САН-ТОМЕ И ПРИНСИПИ,1995-04-17 00:00:00.000,4712-12-31 00:00:00,1,1.0,,САН-ТОМЕ И ПРИНС.,ST,STP,SAO TOME AND PRINCIPE,2011-02-09 11:01:56.967
44184,9,702,РЕСПУБЛИКА СИНГАПУР,1995-04-17 00:00:00.000,4712-12-31 00:00:00,1,1.0,,СИНГАПУР,SG,SGP,SINGAPORE,2011-02-09 11:01:56.967
44185,9,616,ПОЛЬСКАЯ РЕСПУБЛИКА,1995-04-17 00:00:00.000,4712-12-31 00:00:00,1,312.0,,ПОЛЬША,PL,POL,POLAND,2011-02-09 11:01:56.967
44186,9,674,РЕСПУБЛИКА САН-МАРИНО,1995-04-17 00:00:00.000,4712-12-31 00:00:00,1,312.0,,САН-МАРИНО,SM,SMR,SAN MARINO,2011-02-09 11:01:56.967
44187,9,840,СОЕДИНЕННЫЕ ШТАТЫ АМЕРИКИ,1995-04-17 00:00:00.000,4712-12-31 00:00:00,1,312.0,,США,US,USA,UNITED STATES,2011-02-09 11:01:56.967
44188,9,670,СЕНТ-ВИНСЕНТ И ГРЕНАДИНЫ,1998-07-16 00:00:00.000,4712-12-31 00:00:00,1,312.0,,СЕНТ-ВИНСЕНТ,VC,VCT,SAINT VINCENT AND THE GRENADINES,2011-02-09 11:01:56.967
44189,9,999,СТРАНА РЕГ. ТР.СР-ВА МЕЖД. ПЕРЕВОЗКИ - КОНТЕЙНЕРА НЕИЗВЕСТНА,2007-07-18 00:00:00.000,4712-12-31 00:00:00,1,529080.0,,НЕИЗВ.(КОНТЕЙНЕР),ZZ,,,2011-02-09 11:01:56.967
44190,9,508,НАРОДНАЯ РЕСПУБЛИКА МОЗАМБИК (НРМ),1995-04-17 00:00:00.000,4712-12-31 00:00:00,1,1.0,,МОЗАМБИК,MZ,MOZ,MOZAMBIQUE,2011-02-09 11:01:56.967
44191,9,104,СОЮЗ МЬЯНМА,1995-04-17 00:00:00.000,4712-12-31 00:00:00,1,1.0,,МЬЯНМА,MM,,MYANMAR,2011-02-09 11:01:56.967
44192,9,524,КОРОЛЕВСТВО НЕПАЛ,1995-04-17 00:00:00.000,4712-12-31 00:00:00,1,1.0,,НЕПАЛ,NP,NPL,NEPAL,2011-02-09 11:01:56.967
44193,9,540,НОВАЯ КАЛЕДОНИЯ (ФР.),1995-04-17 00:00:00.000,4712-12-31 00:00:00,1,1.0,,НОВАЯ КАЛЕДОНИЯ,NC,NCL,NEW CALEDONIA,2011-02-09 11:01:56.967
44194,9,288,РЕСПУБЛИКА ГАНА,1995-04-17 00:00:00.000,4712-12-31 00:00:00,1,1.0,,ГАНА,GH,GHA,GHANA,2011-02-09 11:01:56.967
44195,9,360,РЕСПУБЛИКА ИНДОНЕЗИЯ,1995-04-17 00:00:00.000,4712-12-31 00:00:00,1,1.0,,ИНДОНЕЗИЯ,ID,IDN,INDONESIA,2011-02-09 11:01:56.967
44196,9,480,РЕСПУБЛИКА МАВРИКИЙ,2006-02-17 00:00:00.000,4712-12-31 00:00:00,1,452195.0,,МАВРИКИЙ,MU,MUS,MAURITIUS,2011-02-09 11:01:56.967
44197,9,533,ОСТРОВ АРУБА (НИД.),1998-07-16 00:00:00.000,4712-12-31 00:00:00,1,312.0,,АРУБА,AW,ABW,ARUBA,2011-02-09 11:01:56.967
44198,9,4,РЕСПУБЛИКА АФГАНИСТАН,1998-07-16 00:00:00.000,4712-12-31 00:00:00,1,312.0,,АФГАНИСТАН,AF,AFG,AFGHANISTAN,2011-02-09 11:01:56.967
44199,9,100,НАРОДНАЯ РЕСПУБЛИКА БОЛГАРИЯ (НРБ),1998-07-16 00:00:00.000,4712-12-31 00:00:00,1,312.0,,БОЛГАРИЯ,BG,BGR,BULGARIA,2011-02-09 11:01:56.967
44200,9,887,ЙЕМЕНСКАЯ РЕСПУБЛИКА,1998-07-16 00:00:00.000,4712-12-31 00:00:00,1,312.0,,ЙЕМЕН,YE,YEM,YEMEN,2011-02-09 11:01:56.967
44201,9,882,ЗАПАДНОЕ САМОА,1995-04-17 00:00:00.000,4712-12-31 00:00:00,1,312.0,,ЗАПАДНОЕ САМОА,WS,WSM,SAMOA,2011-02-09 11:01:56.967
44202,9,400,ИОРДАНСКОЕ ХАШИМИТСКОЕ КОРОЛЕВСТВО,1995-04-17 00:00:00.000,4712-12-31 00:00:00,1,312.0,,ИОРДАНИЯ,JO,JOR,JORDAN,2011-02-09 11:01:56.967
44203,9,132,РЕСПУБЛИКА КАБО-ВЕРДЕ,1995-04-17 00:00:00.000,4712-12-31 00:00:00,1,312.0,,КАБО-ВЕРДЕ,CV,CPV,CAPE VERDE,2011-02-09 11:01:56.967
44204,9,196,РЕСПУБЛИКА КИПР,1995-04-17 00:00:00.000,4712-12-31 00:00:00,1,312.0,,КИПР,CY,CYP,CYPRUS,2011-02-09 11:01:56.967
44205,9,108,РЕСПУБЛИКА БУРУНДИ,1995-04-17 00:00:00.000,4712-12-31 00:00:00,1,312.0,,БУРУНДИ,BI,BDI,BURUNDI,2011-02-09 11:01:56.967
44206,9,850,ВИРГИНСКИЕ ОСТРОВА (США),1995-04-17 00:00:00.000,4712-12-31 00:00:00,1,312.0,,ВИРГИН.О-ВА (США),VI,VIR,VIRGIN ISLANDS (U.S.),2011-02-09 11:01:56.967
44207,9,52,БАРБАДОС,1995-04-17 00:00:00.000,4712-12-31 00:00:00,1,312.0,,БАРБАДОС,BB,BRB,BARBADOS,2011-02-09 11:01:56.967
44208,9,792,ТУРЕЦКАЯ РЕСПУБЛИКА,1995-04-17 00:00:00.000,4712-12-31 00:00:00,1,1.0,,ТУРЦИЯ,TR,TUR,TURKEY,2011-02-09 11:01:56.967
44209,9,710,ЮЖНО-АФРИКАНСКАЯ РЕСПУБЛИКА (ЮАР),1995-04-17 00:00:00.000,4712-12-31 00:00:00,1,1.0,,ЮЖНО-АФР.РЕСПУБЛ.,ZA,ZAF,SOUTH AFRICA,2011-02-09 11:01:56.967
44210,9,203,ЧЕШСКАЯ РЕСПУБЛИКА,1995-04-17 00:00:00.000,4712-12-31 00:00:00,1,1.0,,ЧЕХИЯ,CZ,CZE,,2011-02-09 11:01:56.967
44211,9,70,БОСНИЯ И ГЕРЦЕГОВИНА,1995-04-17 00:00:00.000,4712-12-31 00:00:00,1,1.0,,БОСНИЯ И ГЕРЦЕГ.,BA,BIH,,2011-02-09 11:01:56.967
44212,9,260,ФРАНЦУЗСКИЕ ЮЖНЫЕ ТЕРРИТОРИИ (ФР.),1995-04-17 00:00:00.000,4712-12-31 00:00:00,1,312.0,,ФР. ЮЖНЫЕ ТЕРИТОР,TF,ATF,FRENCH SOUTHERN TERRITORIES,2011-02-09 11:01:56.967
44213,9,268,ГРУЗИЯ,1995-04-17 00:00:00.000,4712-12-31 00:00:00,1,312.0,,ГРУЗИЯ,GE,GEO,GEORGIA,2011-02-09 11:01:56.967
44214,9,795,ТУРКМЕНИСТАН,1995-04-17 00:00:00.000,4712-12-31 00:00:00,1,312.0,,ТУРКМЕНИСТАН,TM,TKM,TURKMENISTAN,2011-02-09 11:01:56.967
44215,9,498,РЕСПУБЛИКА МОЛДОВА,1995-04-17 00:00:00.000,4712-12-31 00:00:00,1,312.0,,МОЛДОВА,MD,,REPUBLIK OF MOLDOWA,2011-02-09 11:01:56.967
44216,9,620,ПОРТУГАЛЬСКАЯ РЕСПУБЛИКА,1995-04-17 00:00:00.000,4712-12-31 00:00:00,1,1.0,,ПОРТУГАЛИЯ,PT,PRT,PORTUGAL,2011-02-09 11:01:56.967
44217,9,474,МАРТИНИКА (ФР.),1995-04-17 00:00:00.000,4712-12-31 00:00:00,1,1.0,,МАРТИНИКА (ФР.),MQ,MTQ,MARTINIQUE,2011-02-09 11:01:56.967
44218,9,659,ФЕДЕРАЦИЯ СЕНТ-КИТС  И НЕВИС,1998-07-16 00:00:00.000,4712-12-31 00:00:00,1,312.0,,СЕНТ-КИТС И НЕВИС,KN,KNA,SAINT KITTS AND NEVIS,2011-02-09 11:01:56.967
44219,9,703,СЛОВАКИЯ,1998-07-16 00:00:00.000,4712-12-31 00:00:00,1,312.0,,СЛОВАКИЯ,SK,SVK,,2011-02-09 11:01:56.967
44220,9,762,ТАДЖИКИСТАН,1998-07-16 00:00:00.000,4712-12-31 00:00:00,1,312.0,,ТАДЖИКИСТАН,TJ,TJK,TAJIKISTAN,2011-02-09 11:01:56.967
44221,9,804,УКРАИНА,1995-04-17 00:00:00.000,4712-12-31 00:00:00,1,1.0,,УКРАИНА,UA,UKR,UKRAINE,2011-02-09 11:01:56.967
44222,9,44,СОДРУЖЕСТВО БАГАМСКИХ ОСТРОВОВ,1995-04-17 00:00:00.000,4712-12-31 00:00:00,1,1.0,,БАГАМСКИЕ ОСТРОВА,BS,BHS,BAHAMAS,2011-02-09 11:01:56.967
44223,9,826,СОЕДИНЕННОЕ КОРОЛЕВСТВО ВЕЛИКОБРИТАНИИ И СЕВЕРНОЙ ИРЛАНДИИ,1995-04-17 00:00:00.000,4712-12-31 00:00:00,1,1.0,,ВЕЛИКОБРИТАНИЯ,GB,GBR,UNITED KINGDOM,2011-02-09 11:01:56.967
44224,9,92,БРИТАНСКИЕ ВИРГИНСКИЕ ОСТРОВА,1995-04-17 00:00:00.000,4712-12-31 00:00:00,1,1.0,,ВИРГИН.О-ВА (БР.),VG,VGB,VIRGIN ISLANDS (BRITISH),2011-02-09 11:01:56.967
44225,9,332,РЕСПУБЛИКА ГАИТИ,1995-04-17 00:00:00.000,4712-12-31 00:00:00,1,1.0,,ГАИТИ,HT,HTI,HAITI,2011-02-09 11:01:56.967
44226,9,214,ДОМИНИКАНСКАЯ РЕСПУБЛИКА,1995-04-17 00:00:00.000,4712-12-31 00:00:00,1,1.0,,ДОМИНИКАН.РЕСПУБ.,DO,DOM,DOMINICAN REPUBLIC,2011-02-09 11:01:56.967
44227,9,352,РЕСПУБЛИКА ИСЛАНДИЯ,1995-04-17 00:00:00.000,4712-12-31 00:00:00,1,1.0,,ИСЛАНДИЯ,IS,ISL,ICELAND,2011-02-09 11:01:56.967
44228,9,598,НЕЗАВИСИМОЕ ГОСУДАРСТВО ПАПУА-НОВАЯ ГВИНЕЯ,2006-02-17 00:00:00.000,4712-12-31 00:00:00,1,452195.0,,ПАПУА-НОВ. ГВИНЕЯ,PG,PNG,PAPUA NEW GUINEA,2011-02-09 11:01:56.967
44229,9,862,БОЛИВАРИАНСКАЯ РЕСПУБЛИКА ВЕНЕСУЭЛА,2006-02-17 00:00:00.000,4712-12-31 00:00:00,1,452195.0,,ВЕНЕСУЭЛА,VE,VEN,VENEZUELA,2011-02-09 11:01:56.967
44230,9,356,РЕСПУБЛИКА ИНДИЯ,1995-04-17 00:00:00.000,4712-12-31 00:00:00,1,312.0,,ИНДИЯ,IN,IND,INDIA,2011-02-09 11:01:56.967
44231,9,64,КОРОЛЕВСТВО БУТАН,1995-04-17 00:00:00.000,4712-12-31 00:00:00,1,312.0,,БУТАН,BT,BTN,BHUTAN,2011-02-09 11:01:56.967
44232,9,266,ГАБОНСКАЯ РЕСПУБЛИКА,1995-04-17 00:00:00.000,4712-12-31 00:00:00,1,312.0,,ГАБОН,GA,GAB,GABON,2011-02-09 11:01:56.967
44233,9,234,ФАРЕРСКИЕ ОСТРОВА (В СОСТАВЕ ДАНИИ),1995-04-17 00:00:00.000,4712-12-31 00:00:00,1,1.0,,ФАРЕРСКИЕ О-ВА,FO,FRO,FAROE ISLANDS,2011-02-09 11:01:56.967
44234,9,250,ФРАНЦУЗСКАЯ РЕСПУБЛИКА,1995-04-17 00:00:00.000,4712-12-31 00:00:00,1,1.0,,ФРАНЦИЯ,FR,FRA,FRANCE,2011-02-09 11:01:56.967
44235,9,144,ДЕМОКРАТИЧЕСКАЯ СОЦИАЛИСТИЧЕСКАЯ РЕСПУБЛИКА ШРИ-ЛАНКА,1995-04-17 00:00:00.000,4712-12-31 00:00:00,1,1.0,,ШРИ-ЛАНКА,LK,LKA,SRI LANKA,2011-02-09 11:01:56.967
44236,9,388,ЯМАЙКА,1995-04-17 00:00:00.000,4712-12-31 00:00:00,1,1.0,,ЯМАЙКА,JM,JAM,JAMAICA,2011-02-09 11:01:56.967
44237,9,392,ЯПОНИЯ,1995-04-17 00:00:00.000,4712-12-31 00:00:00,1,312.0,,ЯПОНИЯ,JP,JPN,JAPAN,2011-02-09 11:01:56.967
44238,9,800,РЕСПУБЛИКА УГАНДА,1995-04-17 00:00:00.000,4712-12-31 00:00:00,1,312.0,,УГАНДА,UG,UGA,UGANDA,2011-02-09 11:01:56.967
44239,9,694,РЕСПУБЛИКА СЬЕРРА-ЛЕОНЕ,1995-04-17 00:00:00.000,4712-12-31 00:00:00,1,1.0,,СЬЕРРА-ЛЕОНЕ,SL,SLE,SIERRA LEONE,2011-02-09 11:01:56.967
44240,9,834,ОБЪЕДИНЕННАЯ РЕСПУБЛИКА ТАНЗАНИЯ (ОРТ),1995-04-17 00:00:00.000,4712-12-31 00:00:00,1,1.0,,ТАНЗАНИЯ,TZ,TZA,TANZANIA,2011-02-09 11:01:56.967
44241,9,768,ТОГОЛЕЗСКАЯ РЕСПУБЛИКА,1995-04-17 00:00:00.000,4712-12-31 00:00:00,1,1.0,,ТОГО,TG,TGO,TOGO,2011-02-09 11:01:56.967
44242,9,798,ТУВАЛУ,1995-04-17 00:00:00.000,4712-12-31 00:00:00,1,1.0,,ТУВАЛУ,TV,TUV,TUVALU,2011-02-09 11:01:56.967
44243,9,612,ПИТКЭРН (БРИТ.),1995-04-17 00:00:00.000,4712-12-31 00:00:00,1,1.0,,ПИТКЭРН,PN,PCN,PITCAIRN,2011-02-09 11:01:56.967
44244,9,682,КОРОЛЕВСТВО САУДОВСКАЯ АРАВИЯ,1995-04-17 00:00:00.000,4712-12-31 00:00:00,1,312.0,,САУДОВСКАЯ АРАВИЯ,SA,SAU,SAUDI ARABIA,2011-02-09 11:01:56.967
44245,9,706,СОМАЛИЙСКАЯ ДЕМОКРАТИЧЕСКАЯ РЕСПУБЛИКА (CLH),1998-07-16 00:00:00.000,4712-12-31 00:00:00,1,312.0,,СОМАЛИ,SO,SOM,SOMALIA,2011-02-09 11:01:56.967
44246,9,810,Союз Советских Социалистических Республик,2001-05-25 00:00:00.000,4712-12-31 00:00:00,1,201853.0,,СССР,,,,2011-02-09 11:01:56.967
44247,9,496,МОНГОЛИЯ,1995-04-17 00:00:00.000,4712-12-31 00:00:00,1,1.0,,МОНГОЛИЯ,MN,MNG,MONGOLIA,2011-02-09 11:01:56.967
44248,9,784,ОБЪЕДИНЕННЫЕ АРАБСКИЕ ЭМИРАТЫ (ОАЭ),1995-04-17 00:00:00.000,4712-12-31 00:00:00,1,1.0,,ОБЪЕД.АРАБ.ЭМИРАТ,AE,ARE,UNITED ARAB EMIRATES,2011-02-09 11:01:56.967
44250,9,442,ВЕЛИКОЕ ГЕРЦОГСТВО ЛЮКСЕМБУРГ,1995-04-17 00:00:00.000,4712-12-31 00:00:00,1,1.0,,ЛЮКСЕМБУРГ,LU,LUX,LUXEMBOURG,2011-02-09 11:01:56.967
44251,9,111,ЕВРОПЕЙСКИЙ СОЮЗ,2006-02-17 00:00:00.000,4712-12-31 00:00:00,1,452195.0,,ЕС,EU,,,2011-02-09 11:01:56.967
44252,9,891,СЕРБИЯ И ЧЕРНОГОРИЯ,2006-02-17 00:00:00.000,4712-12-31 00:00:00,1,452195.0,,СЕРБ. И ЧЕРН.,SB,SRB,,2011-02-09 11:01:56.967
44253,9,48,КОРОЛЕВСТВО БАХРЕЙН,2006-02-17 00:00:00.000,4712-12-31 00:00:00,1,452195.0,,БАХРЕЙН,BH,BHR,BAHRAIN,2011-02-09 11:01:56.967
44254,9,316,ГУАМ  (ОСТРОВ США),1998-07-16 00:00:00.000,4712-12-31 00:00:00,1,312.0,,ГУАМ,GU,GUM,GUAM,2011-02-09 11:01:56.967
44255,9,724,ИСПАНИЯ,1998-07-16 00:00:00.000,4712-12-31 00:00:00,1,312.0,,ИСПАНИЯ,ES,ESP,SPAIN,2011-02-09 11:01:56.967
44256,9,398,КАЗАХСТАН,1998-07-16 00:00:00.000,4712-12-31 00:00:00,1,312.0,,КАЗАХСТАН,KZ,KAZ,KAZAKHSTAN,2011-02-09 11:01:56.967
44257,9,504,КОРОЛЕВСТВО МАРОККО,1995-04-17 00:00:00.000,4712-12-31 00:00:00,1,312.0,,МАРОККО,MA,MAR,MOROCCO,2011-02-09 11:01:56.967
44258,9,554,НОВАЯ ЗЕЛАНДИЯ,1995-04-17 00:00:00.000,4712-12-31 00:00:00,1,312.0,,НОВАЯ ЗЕЛАНДИЯ,NZ,NZL,NEW ZEALAND,2011-02-09 11:01:56.967
44259,9,438,КНЯЖЕСТВО ЛИХТЕНШТЕЙН,1995-04-17 00:00:00.000,4712-12-31 00:00:00,1,312.0,,ЛИХТЕНШТЕЙН,LI,LIE,LIECHTENSTEIN,2011-02-09 11:01:56.967
44260,9,74,ОСТРОВ БУВЕ,1995-04-17 00:00:00.000,4712-12-31 00:00:00,1,312.0,,БУВЕ,BV,BVT,BOUVET ISLAND,2011-02-09 11:01:56.967
44261,9,336,ГОСУДАРСТВО-ГОРОД ВАТИКАН,1995-04-17 00:00:00.000,4712-12-31 00:00:00,1,312.0,,ВАТИКАН,VA,VAT,VATICAN CITY STATE(HOLI SEE),2011-02-09 11:01:56.967
44262,9,328,КООПЕРАТИВНАЯ РЕСПУБЛИКА ГАЙАНА,1995-04-17 00:00:00.000,4712-12-31 00:00:00,1,312.0,,ГАЙАНА,GY,GUY,GUYANA,2011-02-09 11:01:56.967
44263,9,624,РЕСПУБЛИКА ГВИНЕЯ-БИСАУ,1995-04-17 00:00:00.000,4712-12-31 00:00:00,1,312.0,,ГВИНЕЯ-БИСАУ,GW,GNB,GUINEA-BISSAU,2011-02-09 11:01:56.967
44264,9,304,ГРЕНЛАНДИЯ (В СОСТАВЕ ДАНИИ),1995-04-17 00:00:00.000,4712-12-31 00:00:00,1,312.0,,ГРЕНЛАНДИЯ,GL,GRL,GREENLAND,2011-02-09 11:01:56.967
44265,9,833,ОСТРОВ МЭН,1995-04-17 00:00:00.000,4712-12-31 00:00:00,1,1.0,,О-В МЭН,IM,IMY,,2011-02-09 11:01:56.967
44266,9,10,АНТАРКТИКА,1995-04-17 00:00:00.000,4712-12-31 00:00:00,1,312.0,,АНТАРКТИКА,AQ,ATA,ANTARCTICA,2011-02-09 11:01:56.967
44267,9,50,НАРОДНАЯ РЕСПУБЛИКА БАНГЛАДЕШ,1995-04-17 00:00:00.000,4712-12-31 00:00:00,1,312.0,,БАНГЛАДЕШ,BD,BGD,BANGLADESH,2011-02-09 11:01:56.967
44268,9,858,ВОСТОЧНАЯ РЕСПУБЛИКА УРУГВАЙ,1995-04-17 00:00:00.000,4712-12-31 00:00:00,1,312.0,,УРУГВАЙ,UY,URY,URUGUAY,2011-02-09 11:01:56.967
44269,9,222,РЕСПУБЛИКА ЭЛЬ-САЛЬВАДОР,1995-04-17 00:00:00.000,4712-12-31 00:00:00,1,1.0,,САЛЬВАДОР,SV,SLV,EL SALVADOR,2011-02-09 11:01:56.967
44270,9,764,КОРОЛЕВСТВО ТАИЛАНД,1995-04-17 00:00:00.000,4712-12-31 00:00:00,1,1.0,,ТАИЛАНД,TH,THA,THAILAND,2011-02-09 11:01:56.967
44271,9,888,ЕВРОПЕЙСКОЕ СООБЩЕСТВО ПО АТОМНОЙ ЭНЕРГИИ,1997-01-24 00:00:00.000,4712-12-31 00:00:00,1,312.0,,ЕВРАТОМ,,,,2011-02-09 11:01:56.967
44272,9,484,МЕКСИКАНСКИЕ СОЕДИНЕННЫЕ ШТАТЫ,1995-04-17 00:00:00.000,4712-12-31 00:00:00,1,1.0,,МЕКСИКА,MX,MEX,MEXICO,2011-02-09 11:01:56.967
44273,9,570,НИУЭ (Н.ЗЕЛ.),1995-04-17 00:00:00.000,4712-12-31 00:00:00,1,1.0,,НИУЭ,NU,NUI,NIUE,2011-02-09 11:01:56.967
44274,9,574,НОРФОЛК (АВСТРАЛ.),1995-04-17 00:00:00.000,4712-12-31 00:00:00,1,1.0,,НОРФОЛК (АВСТРАЛ),NF,NFK,NORFOLK ISLAND,2011-02-09 11:01:56.967
44275,9,162,ОСТРОВ РОЖДЕСТВА (АВСТРАЛ.),1995-04-17 00:00:00.000,4712-12-31 00:00:00,1,1.0,,О-В РОЖДЕСТВА,CX,CXR,CHRISTMAS ISLAND,2011-02-09 11:01:56.967
44276,9,454,РЕСПУБЛИКА МАЛАВИ,1995-04-17 00:00:00.000,4712-12-31 00:00:00,1,1.0,,МАЛАВИ,MW,MWI,MALAWI,2011-02-09 11:01:56.967
44277,9,660,АНГИЛЬЯ (БРИТ.),1995-04-17 00:00:00.000,4712-12-31 00:00:00,1,1.0,,АНГИЛЬЯ (БРИТ.),AI,AIA,ANGUILLA,2011-02-09 11:01:56.967
44278,9,76,ФЕДЕРАТИВНАЯ РЕСПУБЛИКА БРАЗИЛИЯ,1995-04-17 00:00:00.000,4712-12-31 00:00:00,1,1.0,,БРАЗИЛИЯ,BR,BRA,BRAZIL,2011-02-09 11:01:56.967
44279,9,96,БРУНЕЙ-ДАРУССАЛАМ,1995-04-17 00:00:00.000,4712-12-31 00:00:00,1,1.0,,БРУНЕЙ,BN,BRN,BRUNEI DARUSSALAM,2011-02-09 11:01:56.967
44280,9,312,ГВАДЕЛУПА (ФР.),1995-04-17 00:00:00.000,4712-12-31 00:00:00,1,1.0,,ГВАДЕЛУПА (ФР.),GP,GLP,GUADELOUPE,2011-02-09 11:01:56.967
44281,9,208,КОРОЛЕВСТВО ДАНИЯ,1995-04-17 00:00:00.000,4712-12-31 00:00:00,1,1.0,,ДАНИЯ,DK,DNK,DENMARK,2011-02-09 11:01:56.967
44282,9,732,ЗАПАДНАЯ САХАРА,1995-04-17 00:00:00.000,4712-12-31 00:00:00,1,1.0,,ЗАПАДНАЯ САХАРА,EH,ESH,WESTERN SAHARA,2011-02-09 11:01:56.967
44283,9,380,ИТАЛЬЯНСКАЯ РЕСПУБЛИКА,1995-04-17 00:00:00.000,4712-12-31 00:00:00,1,1.0,,ИТАЛИЯ,IT,ITA,ITALY,2011-02-09 11:01:56.967
44284,9,192,РЕСПУБЛИКА КУБА,1995-04-17 00:00:00.000,4712-12-31 00:00:00,1,1.0,,КУБА,CU,CUB,CUBA,2011-02-09 11:01:56.967
44285,9,178,РЕСПУБЛИКА КОНГО,2010-01-01 00:00:00.000,4712-12-31 00:00:00,1,,,КОНГО,CG,COG,CONGO,2011-02-09 11:01:56.967
44286,9,434,ВЕЛИКАЯСОЦИАЛИСТИЧЕСКАЯ НАРОДНАЯ ЛИВИЙСКАЯ АРАБСКАЯ ДЖАМАХИРИЯ,2006-02-17 00:00:00.000,4712-12-31 00:00:00,1,452195.0,,ЛИВИЯ,LY,LBY,LIBYAN ARAB JAMAHIRIYA,2011-02-09 11:01:56.967
44287,9,584,РЕСПУБЛИКА МАРШАЛЛОВЫ ОСТРОВА,2006-02-17 00:00:00.000,4712-12-31 00:00:00,1,452195.0,,МАРШАЛЛОВЫ О-ВА,MH,MHL,MARSHALL ISLANDS,2011-02-09 11:01:56.967
44288,9,0,НЕИЗВЕСТНА,1995-04-17 00:00:00.000,4712-12-31 00:00:00,1,1.0,,НЕИЗВЕСТНА,00,,,2014-05-16 12:36:10.234
44289,9,384,РЕСПУБЛИКА КОТ-Д'ИВУАР,1995-04-17 00:00:00.000,4712-12-31 00:00:00,1,1.0,,КОТ-Д'ИВУАР,CI,CIV,COTE D`IVOIRE,2014-05-16 12:36:10.234
44290,606,0,НЕИЗВЕСТНА,2011-01-01 00:00:00.000,4712-12-31 00:00:00,1,825298.0,,НЕИЗВЕСТНА,00,000,,2014-05-16 12:36:10.234
44291,606,4,АФГАНИСТАН,2011-01-01 00:00:00.000,4712-12-31 00:00:00,1,825298.0,,АФГАНИСТАН,AF,AFG,AFGHANISTAN,2014-05-16 12:36:10.234
44292,606,8,АЛБАНИЯ,2011-01-01 00:00:00.000,4712-12-31 00:00:00,1,825298.0,,АЛБАНИЯ,AL,ALB,ALBANIA,2014-05-16 12:36:10.234
44293,606,10,АНТАРКТИДА,2011-01-01 00:00:00.000,4712-12-31 00:00:00,1,825298.0,,АНТАРКТИДА,AQ,ATA,ANTARCTICA,2014-05-16 12:36:10.234
44294,606,12,АЛЖИР,2011-01-01 00:00:00.000,4712-12-31 00:00:00,1,825298.0,,АЛЖИР,DZ,DZA,ALGERIA,2014-05-16 12:36:10.234
44295,606,16,АМЕРИКАНСКОЕ САМОА,2011-01-01 00:00:00.000,4712-12-31 00:00:00,1,825298.0,,АМЕРИКАНСКОЕ САМОА,AS,ASM,AMERICAN SAMOA,2014-05-16 12:36:10.234
44296,606,20,АНДОРРА,2011-01-01 00:00:00.000,4712-12-31 00:00:00,1,825298.0,,АНДОРРА,AD,AND,ANDORRA,2014-05-16 12:36:10.234
44297,606,24,АНГОЛА,2011-01-01 00:00:00.000,4712-12-31 00:00:00,1,825298.0,,АНГОЛА,AO,AGO,ANGOLA,2014-05-16 12:36:10.234
44298,606,28,АНТИГУА И БАРБУДА,2011-01-01 00:00:00.000,4712-12-31 00:00:00,1,825298.0,,АНТИГУА И БАРБУДА,AG,ATG,ANTIGUA AND BARBUDA,2014-05-16 12:36:10.234
44299,606,31,АЗЕРБАЙДЖАН,2011-01-01 00:00:00.000,4712-12-31 00:00:00,1,825298.0,,АЗЕРБАЙДЖАН,AZ,AZE,AZERBAIJAN,2014-05-16 12:36:10.234
44300,606,32,АРГЕНТИНА,2011-01-01 00:00:00.000,4712-12-31 00:00:00,1,825298.0,,АРГЕНТИНА,AR,ARG,ARGENTINA,2014-05-16 12:36:10.234
44301,606,36,АВСТРАЛИЯ,2011-01-01 00:00:00.000,4712-12-31 00:00:00,1,825298.0,,АВСТРАЛИЯ,AU,AUS,AUSTRALIA,2014-05-16 12:36:10.234
44302,606,40,АВСТРИЯ,2011-01-01 00:00:00.000,4712-12-31 00:00:00,1,825298.0,,АВСТРИЯ,AT,AUT,AUSTRIA,2014-05-16 12:36:10.234
44303,606,44,БАГАМЫ,2011-01-01 00:00:00.000,4712-12-31 00:00:00,1,825298.0,,БАГАМЫ,BS,BHS,BAHAMAS,2014-05-16 12:36:10.234
44304,606,48,БАХРЕЙН,2011-01-01 00:00:00.000,4712-12-31 00:00:00,1,825298.0,,БАХРЕЙН,BH,BHR,BAHRAIN,2014-05-16 12:36:10.234
44305,606,50,БАНГЛАДЕШ,2011-01-01 00:00:00.000,4712-12-31 00:00:00,1,825298.0,,БАНГЛАДЕШ,BD,BGD,BANGLADESH,2014-05-16 12:36:10.234
44306,606,51,АРМЕНИЯ,2011-01-01 00:00:00.000,4712-12-31 00:00:00,1,825298.0,,АРМЕНИЯ,AM,ARM,ARMENIA,2014-05-16 12:36:10.234
44307,606,52,БАРБАДОС,2011-01-01 00:00:00.000,4712-12-31 00:00:00,1,825298.0,,БАРБАДОС,BB,BRB,BARBADOS,2014-05-16 12:36:10.234
44308,606,56,БЕЛЬГИЯ,2011-01-01 00:00:00.000,4712-12-31 00:00:00,1,825298.0,,БЕЛЬГИЯ,BE,BEL,BELGIUM,2014-05-16 12:36:10.234
44309,606,60,БЕРМУДЫ,2011-01-01 00:00:00.000,4712-12-31 00:00:00,1,825298.0,,БЕРМУДЫ,BM,BMU,BERMUDA,2014-05-16 12:36:10.234
44310,606,64,БУТАН,2011-01-01 00:00:00.000,4712-12-31 00:00:00,1,825298.0,,БУТАН,BT,BTN,BHUTAN,2014-05-16 12:36:10.234
44313,606,70,БОСНИЯ И ГЕРЦЕГОВИНА,2011-01-01 00:00:00.000,4712-12-31 00:00:00,1,825298.0,,БОСНИЯ И ГЕРЦЕГОВИНА,BA,BIH,BOSNIA AND HERZEGOVINA,2014-05-16 12:36:10.234
44314,606,72,БОТСВАНА,2011-01-01 00:00:00.000,4712-12-31 00:00:00,1,825298.0,,БОТСВАНА,BW,BWA,BOTSWANA,2014-05-16 12:36:10.234
44316,606,74,ОСТРОВ БУВЕ,2014-03-28 00:00:00.000,4712-12-31 00:00:00,1,1159693.0,,ОСТРОВ БУВЕ,BV,BVT,BOUVET ISLAND,2014-05-16 12:36:10.234
44317,606,76,БРАЗИЛИЯ,2011-01-01 00:00:00.000,4712-12-31 00:00:00,1,825298.0,,БРАЗИЛИЯ,BR,BRA,BRAZIL,2014-05-16 12:36:10.234
44318,606,84,БЕЛИЗ,2011-01-01 00:00:00.000,4712-12-31 00:00:00,1,825298.0,,БЕЛИЗ,BZ,BLZ,BELIZE,2014-05-16 12:36:10.234
44319,606,86,БРИТАНСКАЯ ТЕРРИТОРИЯ В ИНДИЙСКОМ ОКЕАНЕ,2011-01-01 00:00:00.000,4712-12-31 00:00:00,1,825298.0,,БРИТАНСКАЯ ТЕРРИТОРИЯ В ИНДИЙСКОМ ОКЕАНЕ,IO,IOT,BRITISH INDIAN OCEAN TERRITORY,2014-05-16 12:36:10.234
44320,606,90,СОЛОМОНОВЫ ОСТРОВА,2011-01-01 00:00:00.000,4712-12-31 00:00:00,1,825298.0,,СОЛОМОНОВЫ ОСТРОВА,SB,SLB,SOLOMON ISLANDS,2014-05-16 12:36:10.234
44322,606,96,БРУНЕЙ-ДАРУССАЛАМ,2011-01-01 00:00:00.000,4712-12-31 00:00:00,1,825298.0,,БРУНЕЙ-ДАРУССАЛАМ,BN,BRN,BRUNEI DARUSSALAM,2014-05-16 12:36:10.234
44323,606,100,БОЛГАРИЯ,2011-01-01 00:00:00.000,4712-12-31 00:00:00,1,825298.0,,БОЛГАРИЯ,BG,BGR,BULGARIA,2014-05-16 12:36:10.234
44324,606,104,МЬЯНМА,2011-01-01 00:00:00.000,4712-12-31 00:00:00,1,825298.0,,МЬЯНМА,MM,MMR,MYANMAR,2014-05-16 12:36:10.234
44325,606,108,БУРУНДИ,2011-01-01 00:00:00.000,4712-12-31 00:00:00,1,825298.0,,БУРУНДИ,BI,BDI,BURUNDI,2014-05-16 12:36:10.234
44326,606,111,ЕВРОСОЮЗ,2011-01-01 00:00:00.000,4712-12-31 00:00:00,1,825298.0,,ЕВРОСОЮЗ,EU,,EUROPEAN UNION,2014-05-16 12:36:10.234
44327,606,112,БЕЛАРУСЬ,2011-01-01 00:00:00.000,4712-12-31 00:00:00,1,825298.0,,БЕЛАРУСЬ,BY,BLR,BELARUS,2014-05-16 12:36:10.234
44328,606,116,КАМБОДЖА,2011-01-01 00:00:00.000,4712-12-31 00:00:00,1,825298.0,,КАМБОДЖА,KH,KHM,CAMBODIA,2014-05-16 12:36:10.234
44329,606,120,КАМЕРУН,2011-01-01 00:00:00.000,4712-12-31 00:00:00,1,825298.0,,КАМЕРУН,CM,CMR,CAMEROON,2014-05-16 12:36:10.234
44330,606,124,КАНАДА,2011-01-01 00:00:00.000,4712-12-31 00:00:00,1,825298.0,,КАНАДА,CA,CAN,CANADA,2014-05-16 12:36:10.234
44331,606,132,КАБО-ВЕРДЕ,2011-01-01 00:00:00.000,4712-12-31 00:00:00,1,825298.0,,КАБО-ВЕРДЕ,CV,CPV,CAPE VERDE,2014-05-16 12:36:10.234
44332,606,136,ОСТРОВА КАЙМАН,2011-01-01 00:00:00.000,4712-12-31 00:00:00,1,825298.0,,ОСТРОВА КАЙМАН,KY,CYM,CAYMAN ISLANDS,2014-05-16 12:36:10.234
44333,606,140,ЦЕНТРАЛЬНО-АФРИКАНСКАЯ РЕСПУБЛИКА,2011-01-01 00:00:00.000,4712-12-31 00:00:00,1,825298.0,,ЦЕНТРАЛЬНО-АФРИКАНСКАЯ РЕСПУБЛИКА,CF,CAF,CENTRAL AFRICAN REPUBLIC,2014-05-16 12:36:10.234
44334,606,144,ШРИ-ЛАНКА,2011-01-01 00:00:00.000,4712-12-31 00:00:00,1,825298.0,,ШРИ-ЛАНКА,LK,LKA,SRI LANKA,2014-05-16 12:36:10.234
44335,606,148,ЧАД,2011-01-01 00:00:00.000,4712-12-31 00:00:00,1,825298.0,,ЧАД,TD,TCD,CHAD,2014-05-16 12:36:10.234
44336,606,152,ЧИЛИ,2011-01-01 00:00:00.000,4712-12-31 00:00:00,1,825298.0,,ЧИЛИ,CL,CHL,CHILE,2014-05-16 12:36:10.234
44337,606,156,КИТАЙ,2011-01-01 00:00:00.000,4712-12-31 00:00:00,1,825298.0,,КИТАЙ,CN,CHN,CHINA,2014-05-16 12:36:10.234
44338,606,158,ТАЙВАНЬ (КИТАЙ),2011-01-01 00:00:00.000,4712-12-31 00:00:00,1,825298.0,,ТАЙВАНЬ (КИТАЙ),TW,TWN,"TAIWAN, PROVINCE OF CHINA",2014-05-16 12:36:10.234
44339,606,162,ОСТРОВ РОЖДЕСТВА,2011-01-01 00:00:00.000,4712-12-31 00:00:00,1,825298.0,,ОСТРОВ РОЖДЕСТВА,CX,CXR,CHRISTMAS ISLAND,2014-05-16 12:36:10.234
44340,606,166,КОКОСОВЫЕ (КИЛИНГ) ОСТРОВА,2011-01-01 00:00:00.000,4712-12-31 00:00:00,1,825298.0,,КОКОСОВЫЕ (КИЛИНГ) ОСТРОВА,CC,CCK,COCOS (KEELING) ISLANDS,2014-05-16 12:36:10.234
44341,606,170,КОЛУМБИЯ,2011-01-01 00:00:00.000,4712-12-31 00:00:00,1,825298.0,,КОЛУМБИЯ,CO,COL,COLOMBIA,2014-05-16 12:36:10.234
44342,606,174,КОМОРЫ,2011-01-01 00:00:00.000,4712-12-31 00:00:00,1,825298.0,,КОМОРЫ,KM,COM,COMOROS,2014-05-16 12:36:10.234
44343,606,175,МАЙОТТА,2011-01-01 00:00:00.000,4712-12-31 00:00:00,1,825298.0,,МАЙОТТА,YT,MYT,MAYOTTE,2014-05-16 12:36:10.234
44344,606,178,КОНГО,2011-01-01 00:00:00.000,4712-12-31 00:00:00,1,825298.0,,КОНГО,CG,COG,CONGO,2014-05-16 12:36:10.234
44345,606,180,"КОНГО, ДЕМОКРАТИЧЕСКАЯ РЕСПУБЛИКА",2011-01-01 00:00:00.000,4712-12-31 00:00:00,1,825298.0,,"КОНГО, ДЕМОКРАТИЧЕСКАЯ РЕСПУБЛИКА",CD,COD,"CONGO, THE DEMOCRATIC REPUBLIC OF THE",2014-05-16 12:36:10.234
44346,606,184,ОСТРОВА КУКА,2011-01-01 00:00:00.000,4712-12-31 00:00:00,1,825298.0,,ОСТРОВА КУКА,CK,COK,COOK ISLANDS,2014-05-16 12:36:10.234
44347,606,188,КОСТА-РИКА,2011-01-01 00:00:00.000,4712-12-31 00:00:00,1,825298.0,,КОСТА-РИКА,CR,CRI,COSTA RICA,2014-05-16 12:36:10.234
44348,606,191,ХОРВАТИЯ,2011-01-01 00:00:00.000,4712-12-31 00:00:00,1,825298.0,,ХОРВАТИЯ,HR,HRV,CROATIA,2014-05-16 12:36:10.234
44349,606,192,КУБА,2011-01-01 00:00:00.000,4712-12-31 00:00:00,1,825298.0,,КУБА,CU,CUB,CUBA,2014-05-16 12:36:10.234
44350,606,196,КИПР,2011-01-01 00:00:00.000,4712-12-31 00:00:00,1,825298.0,,КИПР,CY,CYP,CYPRUS,2014-05-16 12:36:10.234
44352,606,204,БЕНИН,2011-01-01 00:00:00.000,4712-12-31 00:00:00,1,825298.0,,БЕНИН,BJ,BEN,BENIN,2014-05-16 12:36:10.234
44353,606,208,ДАНИЯ,2011-01-01 00:00:00.000,4712-12-31 00:00:00,1,825298.0,,ДАНИЯ,DK,DNK,DENMARK,2014-05-16 12:36:10.234
44354,606,212,ДОМИНИКА,2011-01-01 00:00:00.000,4712-12-31 00:00:00,1,825298.0,,ДОМИНИКА,DM,DMA,DOMINICA,2014-05-16 12:36:10.234
44355,606,214,ДОМИНИКАНСКАЯ РЕСПУБЛИКА,2011-01-01 00:00:00.000,4712-12-31 00:00:00,1,825298.0,,ДОМИНИКАНСКАЯ РЕСПУБЛИКА,DO,DOM,DOMINICAN REPUBLIC,2014-05-16 12:36:10.234
44356,606,218,ЭКВАДОР,2011-01-01 00:00:00.000,4712-12-31 00:00:00,1,825298.0,,ЭКВАДОР,EC,ECU,ECUADOR,2014-05-16 12:36:10.234
44357,606,222,ЭЛЬ-САЛЬВАДОР,2011-01-01 00:00:00.000,4712-12-31 00:00:00,1,825298.0,,ЭЛЬ-САЛЬВАДОР,SV,SLV,EL SALVADOR,2014-05-16 12:36:10.234
44358,606,226,ЭКВАТОРИАЛЬНАЯ ГВИНЕЯ,2011-01-01 00:00:00.000,4712-12-31 00:00:00,1,825298.0,,ЭКВАТОРИАЛЬНАЯ ГВИНЕЯ,GQ,GNQ,EQUATORIAL GUINEA,2014-05-16 12:36:10.234
44359,606,231,ЭФИОПИЯ,2011-01-01 00:00:00.000,4712-12-31 00:00:00,1,825298.0,,ЭФИОПИЯ,ET,ETH,ETHIOPIA,2014-05-16 12:36:10.234
44360,606,232,ЭРИТРЕЯ,2011-01-01 00:00:00.000,4712-12-31 00:00:00,1,825298.0,,ЭРИТРЕЯ,ER,ERI,ERITREA,2014-05-16 12:36:10.234
44361,606,233,ЭСТОНИЯ,2011-01-01 00:00:00.000,4712-12-31 00:00:00,1,825298.0,,ЭСТОНИЯ,EE,EST,ESTONIA,2014-05-16 12:36:10.234
44362,606,234,ФАРЕРСКИЕ ОСТРОВА,2011-01-01 00:00:00.000,4712-12-31 00:00:00,1,825298.0,,ФАРЕРСКИЕ ОСТРОВА,FO,FRO,FAROE ISLANDS,2014-05-16 12:36:10.234
44363,606,238,ФОЛКЛЕНДСКИЕ ОСТРОВА (МАЛЬВИНСКИЕ),2011-01-01 00:00:00.000,4712-12-31 00:00:00,1,825298.0,,ФОЛКЛЕНДСКИЕ ОСТРОВА (МАЛЬВИНСКИЕ),FK,FLK,FALKLAND ISLANDS (MALVINAS),2014-05-16 12:36:10.234
44364,606,239,ЮЖН.ДЖОРДЖИЯ И ЮЖН.САНДВИЧ.ОСТРОВА,2011-01-01 00:00:00.000,4712-12-31 00:00:00,1,825298.0,,ЮЖН.ДЖОРДЖИЯ И ЮЖН.САНДВИЧ.ОСТРОВА,GS,SGS,SOUTH GEORGIA AND THE SOUTH SANDWICH ISLANDS,2014-05-16 12:36:10.234
44365,606,242,ФИДЖИ,2011-01-01 00:00:00.000,4712-12-31 00:00:00,1,825298.0,,ФИДЖИ,FJ,FJI,FIJI,2014-05-16 12:36:10.234
44366,606,246,ФИНЛЯНДИЯ,2011-01-01 00:00:00.000,4712-12-31 00:00:00,1,825298.0,,ФИНЛЯНДИЯ,FI,FIN,FINLAND,2014-05-16 12:36:10.234
44367,606,248,ЭЛАНДСКИЕ ОСТРОВА,2011-01-01 00:00:00.000,4712-12-31 00:00:00,1,825298.0,,ЭЛАНДСКИЕ ОСТРОВА,AX,ALA,ALAND ISLANDS,2014-05-16 12:36:10.234
44368,606,250,ФРАНЦИЯ,2011-01-01 00:00:00.000,4712-12-31 00:00:00,1,825298.0,,ФРАНЦИЯ,FR,FRA,FRANCE,2014-05-16 12:36:10.234
44369,606,254,ФРАНЦУЗСКАЯ ГВИАНА,2011-01-01 00:00:00.000,4712-12-31 00:00:00,1,825298.0,,ФРАНЦУЗСКАЯ ГВИАНА,GF,GUF,FRENCH GUIANA,2014-05-16 12:36:10.234
44370,606,258,ФРАНЦУЗСКАЯ ПОЛИНЕЗИЯ,2011-01-01 00:00:00.000,4712-12-31 00:00:00,1,825298.0,,ФРАНЦУЗСКАЯ ПОЛИНЕЗИЯ,PF,PYF,FRENCH POLYNESIA,2014-05-16 12:36:10.234
44371,606,260,ФРАНЦУЗСКИЕ ЮЖНЫЕ ТЕРРИТОРИИ,2011-01-01 00:00:00.000,4712-12-31 00:00:00,1,825298.0,,ФРАНЦУЗСКИЕ ЮЖНЫЕ ТЕРРИТОРИИ,TF,ATF,FRENCH SOUTHERN TERRITORIES,2014-05-16 12:36:10.234
44372,606,262,ДЖИБУТИ,2011-01-01 00:00:00.000,4712-12-31 00:00:00,1,825298.0,,ДЖИБУТИ,DJ,DJI,DJIBOUTI,2014-05-16 12:36:10.234
44373,606,266,ГАБОН,2011-01-01 00:00:00.000,4712-12-31 00:00:00,1,825298.0,,ГАБОН,GA,GAB,GABON,2014-05-16 12:36:10.234
44374,606,268,ГРУЗИЯ,2011-01-01 00:00:00.000,4712-12-31 00:00:00,1,825298.0,,ГРУЗИЯ,GE,GEO,GEORGIA,2014-05-16 12:36:10.234
44375,606,270,ГАМБИЯ,2011-01-01 00:00:00.000,4712-12-31 00:00:00,1,825298.0,,ГАМБИЯ,GM,GMB,GAMBIA,2014-05-16 12:36:10.234
44376,606,275,"ПАЛЕСТИНА, ГОСУДАРСТВО",2014-03-28 00:00:00.000,4712-12-31 00:00:00,1,1159693.0,,"ПАЛЕСТИНА, ГОСУДАРСТВО",PS,PSE,OCCUPIED PALESTINIAN TERRITORY,2014-05-16 12:36:10.234
44378,606,276,ГЕРМАНИЯ,2011-01-01 00:00:00.000,4712-12-31 00:00:00,1,825298.0,,ГЕРМАНИЯ,DE,DEU,GERMANY,2014-05-16 12:36:10.234
44379,606,288,ГАНА,2011-01-01 00:00:00.000,4712-12-31 00:00:00,1,825298.0,,ГАНА,GH,GHA,GHANA,2014-05-16 12:36:10.234
44380,606,292,ГИБРАЛТАР,2011-01-01 00:00:00.000,4712-12-31 00:00:00,1,825298.0,,ГИБРАЛТАР,GI,GIB,GIBRALTAR,2014-05-16 12:36:10.234
44381,606,296,КИРИБАТИ,2011-01-01 00:00:00.000,4712-12-31 00:00:00,1,825298.0,,КИРИБАТИ,KI,KIR,KIRIBATI,2014-05-16 12:36:10.234
44382,606,300,ГРЕЦИЯ,2011-01-01 00:00:00.000,4712-12-31 00:00:00,1,825298.0,,ГРЕЦИЯ,GR,GRC,GREECE,2014-05-16 12:36:10.234
44383,606,304,ГРЕНЛАНДИЯ,2011-01-01 00:00:00.000,4712-12-31 00:00:00,1,825298.0,,ГРЕНЛАНДИЯ,GL,GRL,GREENLAND,2014-05-16 12:36:10.234
44384,606,308,ГРЕНАДА,2011-01-01 00:00:00.000,4712-12-31 00:00:00,1,825298.0,,ГРЕНАДА,GD,GRD,GRENADA,2014-05-16 12:36:10.234
44385,606,312,ГВАДЕЛУПА,2011-01-01 00:00:00.000,4712-12-31 00:00:00,1,825298.0,,ГВАДЕЛУПА,GP,GLP,GUADELOUPE,2014-05-16 12:36:10.234
44386,606,316,ГУАМ,2011-01-01 00:00:00.000,4712-12-31 00:00:00,1,825298.0,,ГУАМ,GU,GUM,GUAM,2014-05-16 12:36:10.234
44387,606,320,ГВАТЕМАЛА,2011-01-01 00:00:00.000,4712-12-31 00:00:00,1,825298.0,,ГВАТЕМАЛА,GT,GTM,GUATEMALA,2014-05-16 12:36:10.234
44388,606,324,ГВИНЕЯ,2011-01-01 00:00:00.000,4712-12-31 00:00:00,1,825298.0,,ГВИНЕЯ,GN,GIN,GUINEA,2014-05-16 12:36:10.234
44389,606,328,ГАЙАНА,2011-01-01 00:00:00.000,4712-12-31 00:00:00,1,825298.0,,ГАЙАНА,GY,GUY,GUYANA,2014-05-16 12:36:10.234
44390,606,332,ГАИТИ,2011-01-01 00:00:00.000,4712-12-31 00:00:00,1,825298.0,,ГАИТИ,HT,HTI,HAITI,2014-05-16 12:36:10.234
44391,606,334,ОСТРОВ ХЕРД И ОСТРОВА МАКДОНАЛЬД,2011-01-01 00:00:00.000,4712-12-31 00:00:00,1,825298.0,,ОСТРОВ ХЕРД И ОСТРОВА МАКДОНАЛЬД,HM,HMD,HEARD ISLAND AND MCDONALD ISLANDS,2014-05-16 12:36:10.234
44392,606,336,ПАПСКИЙ ПРЕСТОЛ(ГОС.-ГОРОД ВАТИКАН),2011-01-01 00:00:00.000,4712-12-31 00:00:00,1,825298.0,,ПАПСКИЙ ПРЕСТОЛ(ГОС.-ГОРОД ВАТИКАН),VA,VAT,HOLY SEE (VATICAN CITY STATE),2014-05-16 12:36:10.234
44393,606,340,ГОНДУРАС,2011-01-01 00:00:00.000,4712-12-31 00:00:00,1,825298.0,,ГОНДУРАС,HN,HND,HONDURAS,2014-05-16 12:36:10.234
44394,606,344,ГОНКОНГ,2011-01-01 00:00:00.000,4712-12-31 00:00:00,1,825298.0,,ГОНКОНГ,HK,HKG,HONG KONG,2014-05-16 12:36:10.234
44395,606,348,ВЕНГРИЯ,2011-01-01 00:00:00.000,4712-12-31 00:00:00,1,825298.0,,ВЕНГРИЯ,HU,HUN,HUNGARY,2014-05-16 12:36:10.234
44396,606,352,ИСЛАНДИЯ,2011-01-01 00:00:00.000,4712-12-31 00:00:00,1,825298.0,,ИСЛАНДИЯ,IS,ISL,ICELAND,2014-05-16 12:36:10.234
44397,606,356,ИНДИЯ,2011-01-01 00:00:00.000,4712-12-31 00:00:00,1,825298.0,,ИНДИЯ,IN,IND,INDIA,2014-05-16 12:36:10.234
44398,606,360,ИНДОНЕЗИЯ,2011-01-01 00:00:00.000,4712-12-31 00:00:00,1,825298.0,,ИНДОНЕЗИЯ,ID,IDN,INDONESIA,2014-05-16 12:36:10.234
44400,606,368,ИРАК,2011-01-01 00:00:00.000,4712-12-31 00:00:00,1,825298.0,,ИРАК,IQ,IRQ,IRAQ,2014-05-16 12:36:10.234
44401,606,372,ИРЛАНДИЯ,2011-01-01 00:00:00.000,4712-12-31 00:00:00,1,825298.0,,ИРЛАНДИЯ,IE,IRL,IRELAND,2014-05-16 12:36:10.234
44402,606,376,ИЗРАИЛЬ,2011-01-01 00:00:00.000,4712-12-31 00:00:00,1,825298.0,,ИЗРАИЛЬ,IL,ISR,ISRAEL,2014-05-16 12:36:10.234
44403,606,380,ИТАЛИЯ,2011-01-01 00:00:00.000,4712-12-31 00:00:00,1,825298.0,,ИТАЛИЯ,IT,ITA,ITALY,2014-05-16 12:36:10.234
44404,606,384,КОТ Д'ИВУАР,2011-01-01 00:00:00.000,4712-12-31 00:00:00,1,825298.0,,КОТ Д'ИВУАР,CI,CIV,COTE D'IVOIRE,2014-05-16 12:36:10.234
44405,606,388,ЯМАЙКА,2011-01-01 00:00:00.000,4712-12-31 00:00:00,1,825298.0,,ЯМАЙКА,JM,JAM,JAMAICA,2014-05-16 12:36:10.234
44406,606,392,ЯПОНИЯ,2011-01-01 00:00:00.000,4712-12-31 00:00:00,1,825298.0,,ЯПОНИЯ,JP,JPN,JAPAN,2014-05-16 12:36:10.234
44407,606,398,КАЗАХСТАН,2011-01-01 00:00:00.000,4712-12-31 00:00:00,1,825298.0,,КАЗАХСТАН,KZ,KAZ,KAZAKHSTAN,2014-05-16 12:36:10.234
44408,606,400,ИОРДАНИЯ,2011-01-01 00:00:00.000,4712-12-31 00:00:00,1,825298.0,,ИОРДАНИЯ,JO,JOR,JORDAN,2014-05-16 12:36:10.234
44409,606,404,КЕНИЯ,2011-01-01 00:00:00.000,4712-12-31 00:00:00,1,825298.0,,КЕНИЯ,KE,KEN,KENYA,2014-05-16 12:36:10.234
44412,606,410,"КОРЕЯ, РЕСПУБЛИКА",2011-01-01 00:00:00.000,4712-12-31 00:00:00,1,825298.0,,"КОРЕЯ, РЕСПУБЛИКА",KR,KOR,"KOREA, REPUBLIC OF",2014-05-16 12:36:10.234
44413,606,414,КУВЕЙТ,2011-01-01 00:00:00.000,4712-12-31 00:00:00,1,825298.0,,КУВЕЙТ,KW,KWT,KUWAIT,2014-05-16 12:36:10.234
44416,606,418,ЛАОССКАЯ НАРОДНО-ДЕМОКРАТИЧ. РЕСПУБЛИКА,2014-03-28 00:00:00.000,4712-12-31 00:00:00,1,1159693.0,,ЛАОССКАЯ НАРОДНО-ДЕМОКРАТИЧ. РЕСПУБЛИКА,LA,LAO,LAO PEOPLE'S DEMOCRATIC REPUBLIC,2014-05-16 12:36:10.234
44417,606,422,ЛИВАН,2011-01-01 00:00:00.000,4712-12-31 00:00:00,1,825298.0,,ЛИВАН,LB,LBN,LEBANON,2014-05-16 12:36:10.234
44418,606,426,ЛЕСОТО,2011-01-01 00:00:00.000,4712-12-31 00:00:00,1,825298.0,,ЛЕСОТО,LS,LSO,LESOTHO,2014-05-16 12:36:10.234
44419,606,428,ЛАТВИЯ,2011-01-01 00:00:00.000,4712-12-31 00:00:00,1,825298.0,,ЛАТВИЯ,LV,LVA,LATVIA,2014-05-16 12:36:10.234
44420,606,430,ЛИБЕРИЯ,2011-01-01 00:00:00.000,4712-12-31 00:00:00,1,825298.0,,ЛИБЕРИЯ,LR,LBR,LIBERIA,2014-05-16 12:36:10.234
44421,606,434,ЛИВИЯ,2012-09-22 00:00:00.000,4712-12-31 00:00:00,1,1159693.0,,ЛИВИЯ,LY,LBY,LIBYAN ARAB JAMAHIRIYA,2014-05-16 12:36:10.234
44422,606,438,ЛИХТЕНШТЕЙН,2011-01-01 00:00:00.000,4712-12-31 00:00:00,1,825298.0,,ЛИХТЕНШТЕЙН,LI,LIE,LIECHTENSTEIN,2014-05-16 12:36:10.234
44423,606,440,ЛИТВА,2011-01-01 00:00:00.000,4712-12-31 00:00:00,1,825298.0,,ЛИТВА,LT,LTU,LITHUANIA,2014-05-16 12:36:10.234
44424,606,442,ЛЮКСЕМБУРГ,2011-01-01 00:00:00.000,4712-12-31 00:00:00,1,825298.0,,ЛЮКСЕМБУРГ,LU,LUX,LUXEMBOURG,2014-05-16 12:36:10.234
44425,606,446,МАКАО,2011-01-01 00:00:00.000,4712-12-31 00:00:00,1,825298.0,,МАКАО,MO,MAC,MACAO,2014-05-16 12:36:10.234
44426,606,450,МАДАГАСКАР,2011-01-01 00:00:00.000,4712-12-31 00:00:00,1,825298.0,,МАДАГАСКАР,MG,MDG,MADAGASCAR,2014-05-16 12:36:10.234
44427,606,454,МАЛАВИ,2011-01-01 00:00:00.000,4712-12-31 00:00:00,1,825298.0,,МАЛАВИ,MW,MWI,MALAWI,2014-05-16 12:36:10.234
44428,606,458,МАЛАЙЗИЯ,2011-01-01 00:00:00.000,4712-12-31 00:00:00,1,825298.0,,МАЛАЙЗИЯ,MY,MYS,MALAYSIA,2014-05-16 12:36:10.234
44429,606,462,МАЛЬДИВЫ,2011-01-01 00:00:00.000,4712-12-31 00:00:00,1,825298.0,,МАЛЬДИВЫ,MV,MDV,MALDIVES,2014-05-16 12:36:10.234
44430,606,466,МАЛИ,2011-01-01 00:00:00.000,4712-12-31 00:00:00,1,825298.0,,МАЛИ,ML,MLI,MALI,2014-05-16 12:36:10.234
44431,606,470,МАЛЬТА,2011-01-01 00:00:00.000,4712-12-31 00:00:00,1,825298.0,,МАЛЬТА,MT,MLT,MALTA,2014-05-16 12:36:10.234
44432,606,474,МАРТИНИКА,2011-01-01 00:00:00.000,4712-12-31 00:00:00,1,825298.0,,МАРТИНИКА,MQ,MTQ,MARTINIQUE,2014-05-16 12:36:10.234
44433,606,478,МАВРИТАНИЯ,2011-01-01 00:00:00.000,4712-12-31 00:00:00,1,825298.0,,МАВРИТАНИЯ,MR,MRT,MAURITANIA,2014-05-16 12:36:10.234
44434,606,480,МАВРИКИЙ,2011-01-01 00:00:00.000,4712-12-31 00:00:00,1,825298.0,,МАВРИКИЙ,MU,MUS,MAURITIUS,2014-05-16 12:36:10.234
44435,606,484,МЕКСИКА,2011-01-01 00:00:00.000,4712-12-31 00:00:00,1,825298.0,,МЕКСИКА,MX,MEX,MEXICO,2014-05-16 12:36:10.234
44436,606,492,МОНАКО,2011-01-01 00:00:00.000,4712-12-31 00:00:00,1,825298.0,,МОНАКО,MC,MCO,MONACO,2014-05-16 12:36:10.234
44437,606,496,МОНГОЛИЯ,2011-01-01 00:00:00.000,4712-12-31 00:00:00,1,825298.0,,МОНГОЛИЯ,MN,MNG,MONGOLIA,2014-05-16 12:36:10.234
44438,606,498,"МОЛДОВА, РЕСПУБЛИКА",2011-01-01 00:00:00.000,4712-12-31 00:00:00,1,825298.0,,"МОЛДОВА, РЕСПУБЛИКА",MD,MDA,"MOLDOVA, REPUBLIC OF",2014-05-16 12:36:10.234
44439,606,499,ЧЕРНОГОРИЯ,2011-01-01 00:00:00.000,4712-12-31 00:00:00,1,825298.0,,ЧЕРНОГОРИЯ,ME,MNE,MONTENEGRO,2014-05-16 12:36:10.234
44440,606,500,МОНТСЕРРАТ,2011-01-01 00:00:00.000,4712-12-31 00:00:00,1,825298.0,,МОНТСЕРРАТ,MS,MSR,MONTSERRAT,2014-05-16 12:36:10.234
44441,606,504,МАРОККО,2011-01-01 00:00:00.000,4712-12-31 00:00:00,1,825298.0,,МАРОККО,MA,MAR,MOROCCO,2014-05-16 12:36:10.234
44442,606,508,МОЗАМБИК,2011-01-01 00:00:00.000,4712-12-31 00:00:00,1,825298.0,,МОЗАМБИК,MZ,MOZ,MOZAMBIQUE,2014-05-16 12:36:10.234
44443,606,512,ОМАН,2011-01-01 00:00:00.000,4712-12-31 00:00:00,1,825298.0,,ОМАН,OM,OMN,OMAN,2014-05-16 12:36:10.234
44444,606,516,НАМИБИЯ,2011-01-01 00:00:00.000,4712-12-31 00:00:00,1,825298.0,,НАМИБИЯ,,NAM,NAMIBIA,2014-05-16 12:36:10.234
44445,606,520,НАУРУ,2011-01-01 00:00:00.000,4712-12-31 00:00:00,1,825298.0,,НАУРУ,NR,NRU,NAURU,2014-05-16 12:36:10.234
44446,606,524,НЕПАЛ,2011-01-01 00:00:00.000,4712-12-31 00:00:00,1,825298.0,,НЕПАЛ,NP,NPL,NEPAL,2014-05-16 12:36:10.234
44447,606,528,НИДЕРЛАНДЫ,2011-01-01 00:00:00.000,4712-12-31 00:00:00,1,825298.0,,НИДЕРЛАНДЫ,NL,NLD,NETHERLANDS,2014-05-16 12:36:10.234
44448,606,531,КЮРАСАО,2012-09-22 00:00:00.000,4712-12-31 00:00:00,1,1110398.0,,КЮРАСАО,CW,CUW,CURACAO,2014-05-16 12:36:10.234
44449,606,533,АРУБА,2011-01-01 00:00:00.000,4712-12-31 00:00:00,1,825298.0,,АРУБА,AW,ABW,ARUBA,2014-05-16 12:36:10.234
44450,606,534,СЕН-МАРТЕН (нидерландская часть),2012-09-22 00:00:00.000,4712-12-31 00:00:00,1,1110398.0,,СЕН-МАРТЕН (нидерландская часть),SX,SXM,SINT MAARTEN (DUTCH PART),2014-05-16 12:36:10.234
44451,606,535,"БОНЭЙР, СИНТ-ЭСТАТИУС И САБА",2012-09-22 00:00:00.000,4712-12-31 00:00:00,1,1110398.0,,"БОНЭЙР, СИНТ-ЭСТАТИУС И САБА",BQ,BES,"BONAIRE, SAINT EUSTATIUS AND SABA",2014-05-16 12:36:10.234
44452,606,540,НОВАЯ КАЛЕДОНИЯ,2011-01-01 00:00:00.000,4712-12-31 00:00:00,1,825298.0,,НОВАЯ КАЛЕДОНИЯ,NC,NCL,NEW CALEDONIA,2014-05-16 12:36:10.234
44453,606,548,ВАНУАТУ,2011-01-01 00:00:00.000,4712-12-31 00:00:00,1,825298.0,,ВАНУАТУ,VU,VUT,VANUATU,2014-05-16 12:36:10.234
44454,606,554,НОВАЯ ЗЕЛАНДИЯ,2011-01-01 00:00:00.000,4712-12-31 00:00:00,1,825298.0,,НОВАЯ ЗЕЛАНДИЯ,NZ,NZL,NEW ZEALAND,2014-05-16 12:36:10.234
44455,606,558,НИКАРАГУА,2011-01-01 00:00:00.000,4712-12-31 00:00:00,1,825298.0,,НИКАРАГУА,NI,NIC,NICARAGUA,2014-05-16 12:36:10.234
44456,606,562,НИГЕР,2011-01-01 00:00:00.000,4712-12-31 00:00:00,1,825298.0,,НИГЕР,NE,NER,NIGER,2014-05-16 12:36:10.234
44457,606,566,НИГЕРИЯ,2011-01-01 00:00:00.000,4712-12-31 00:00:00,1,825298.0,,НИГЕРИЯ,NG,NGA,NIGERIA,2014-05-16 12:36:10.234
44458,606,570,НИУЭ,2011-01-01 00:00:00.000,4712-12-31 00:00:00,1,825298.0,,НИУЭ,NU,NIU,NIUE,2014-05-16 12:36:10.234
44459,606,574,ОСТРОВ НОРФОЛК,2011-01-01 00:00:00.000,4712-12-31 00:00:00,1,825298.0,,ОСТРОВ НОРФОЛК,NF,NFK,NORFOLK ISLAND,2014-05-16 12:36:10.234
44460,606,578,НОРВЕГИЯ,2011-01-01 00:00:00.000,4712-12-31 00:00:00,1,825298.0,,НОРВЕГИЯ,NO,NOR,NORWAY,2014-05-16 12:36:10.234
44461,606,580,СЕВЕРНЫЕ МАРИАНСКИЕ ОСТРОВА,2011-01-01 00:00:00.000,4712-12-31 00:00:00,1,825298.0,,СЕВЕРНЫЕ МАРИАНСКИЕ ОСТРОВА,MP,MNP,NORTHERN MARIANA ISLANDS,2014-05-16 12:36:10.234
44462,606,581,МАЛЫЕ ТИХООКЕАН.ОТДАЛЕН.ОСТ-ВА С.Ш.,2011-01-01 00:00:00.000,4712-12-31 00:00:00,1,825298.0,,МАЛЫЕ ТИХООКЕАН.ОТДАЛЕН.ОСТ-ВА С.Ш.,UM,UMI,UNITED STATES MINOR OUTLYING ISLANDS,2014-05-16 12:36:10.234
44464,606,584,МАРШАЛЛОВЫ ОСТРОВА,2011-01-01 00:00:00.000,4712-12-31 00:00:00,1,825298.0,,МАРШАЛЛОВЫ ОСТРОВА,MH,MHL,MARSHALL ISLANDS,2014-05-16 12:36:10.234
44465,606,585,ПАЛАУ,2011-01-01 00:00:00.000,4712-12-31 00:00:00,1,825298.0,,ПАЛАУ,PW,PLW,PALAU,2014-05-16 12:36:10.234
44466,606,586,ПАКИСТАН,2011-01-01 00:00:00.000,4712-12-31 00:00:00,1,825298.0,,ПАКИСТАН,PK,PAK,PAKISTAN,2014-05-16 12:36:10.234
44467,606,591,ПАНАМА,2011-01-01 00:00:00.000,4712-12-31 00:00:00,1,825298.0,,ПАНАМА,PA,PAN,PANAMA,2014-05-16 12:36:10.234
44468,606,598,ПАПУА НОВАЯ ГВИНЕЯ,2014-03-28 00:00:00.000,4712-12-31 00:00:00,1,1159693.0,,ПАПУА НОВАЯ ГВИНЕЯ,PG,PNG,PAPUA NEW GUINEA,2014-05-16 12:36:10.234
44470,606,600,ПАРАГВАЙ,2011-01-01 00:00:00.000,4712-12-31 00:00:00,1,825298.0,,ПАРАГВАЙ,PY,PRY,PARAGUAY,2014-05-16 12:36:10.234
44471,606,604,ПЕРУ,2011-01-01 00:00:00.000,4712-12-31 00:00:00,1,825298.0,,ПЕРУ,PE,PER,PERU,2014-05-16 12:36:10.234
44472,606,608,ФИЛИППИНЫ,2011-01-01 00:00:00.000,4712-12-31 00:00:00,1,825298.0,,ФИЛИППИНЫ,PH,PHL,PHILIPPINES,2014-05-16 12:36:10.234
44474,606,612,ПИТКЭРН,2014-03-28 00:00:00.000,4712-12-31 00:00:00,1,1159693.0,,ПИТКЭРН,PN,PCN,PITCAIRN,2014-05-16 12:36:10.234
44475,606,616,ПОЛЬША,2011-01-01 00:00:00.000,4712-12-31 00:00:00,1,825298.0,,ПОЛЬША,PL,POL,POLAND,2014-05-16 12:36:10.234
44476,606,620,ПОРТУГАЛИЯ,2011-01-01 00:00:00.000,4712-12-31 00:00:00,1,825298.0,,ПОРТУГАЛИЯ,PT,PRT,PORTUGAL,2014-05-16 12:36:10.234
44477,606,624,ГВИНЕЯ-БИСАУ,2011-01-01 00:00:00.000,4712-12-31 00:00:00,1,825298.0,,ГВИНЕЯ-БИСАУ,GW,GNB,GUINEA-BISSAU,2014-05-16 12:36:10.234
44478,606,626,ТИМОР-ЛЕСТЕ,2011-01-01 00:00:00.000,4712-12-31 00:00:00,1,825298.0,,ТИМОР-ЛЕСТЕ,TL,TLS,TIMOR-LESTE,2014-05-16 12:36:10.234
44479,606,630,ПУЭРТО-РИКО,2011-01-01 00:00:00.000,4712-12-31 00:00:00,1,825298.0,,ПУЭРТО-РИКО,PR,PRI,PUERTO RICO,2014-05-16 12:36:10.234
44480,606,634,КАТАР,2011-01-01 00:00:00.000,4712-12-31 00:00:00,1,825298.0,,КАТАР,QA,QAT,QATAR,2014-05-16 12:36:10.234
44481,606,638,РЕЮНЬОН,2011-01-01 00:00:00.000,4712-12-31 00:00:00,1,825298.0,,РЕЮНЬОН,RE,REU,REUNION,2014-05-16 12:36:10.234
44482,606,642,РУМЫНИЯ,2011-01-01 00:00:00.000,4712-12-31 00:00:00,1,825298.0,,РУМЫНИЯ,RO,ROU,ROMANIA,2014-05-16 12:36:10.234
44483,606,643,РОССИЯ,2011-01-01 00:00:00.000,4712-12-31 00:00:00,1,825298.0,,РОССИЯ,RU,RUS,RUSSIAN FEDERATION,2014-05-16 12:36:10.234
44484,606,646,РУАНДА,2011-01-01 00:00:00.000,4712-12-31 00:00:00,1,825298.0,,РУАНДА,RW,RWA,RWANDA,2014-05-16 12:36:10.234
44485,606,652,СЕН-БАРТЕЛЕМИ,2011-01-01 00:00:00.000,4712-12-31 00:00:00,1,825298.0,,СЕН-БАРТЕЛЕМИ,BL,BLM,SAINT BARTHELEMY,2014-05-16 12:36:10.234
44486,606,654,"СВ. ЕЛЕНА, О. ВОЗНЕСЕНИЯ, ТР.-ДА-КУНЬЯ",2014-03-28 00:00:00.000,4712-12-31 00:00:00,1,1159693.0,,"СВ. ЕЛЕНА, О. ВОЗНЕСЕНИЯ, ТР.-ДА-КУНЬЯ",SH,SHN,"SAINT HELENA, ASCENSION AND TRISTAN DA CUNHA",2014-05-16 12:36:10.234
44488,606,659,СЕНТ-КИТС И НЕВИС,2011-01-01 00:00:00.000,4712-12-31 00:00:00,1,825298.0,,СЕНТ-КИТС И НЕВИС,KN,KNA,SAINT KITTS AND NEVIS,2014-05-16 12:36:10.234
44489,606,660,АНГИЛЬЯ,2011-01-01 00:00:00.000,4712-12-31 00:00:00,1,825298.0,,АНГИЛЬЯ,AI,AIA,ANGUILLA,2014-05-16 12:36:10.234
44490,606,662,СЕНТ-ЛЮСИЯ,2011-01-01 00:00:00.000,4712-12-31 00:00:00,1,825298.0,,СЕНТ-ЛЮСИЯ,LC,LCA,SAINT LUCIA,2014-05-16 12:36:10.234
44493,606,666,СЕНТ-ПЬЕР И МИКЕЛОН,2014-03-28 00:00:00.000,4712-12-31 00:00:00,1,1159693.0,,СЕНТ-ПЬЕР И МИКЕЛОН,PM,SPM,SAINT PIERRE AND MIQUELON,2014-05-16 12:36:10.234
44494,606,670,СЕНТ-ВИНСЕНТ И ГРЕНАДИНЫ,2011-01-01 00:00:00.000,4712-12-31 00:00:00,1,825298.0,,СЕНТ-ВИНСЕНТ И ГРЕНАДИНЫ,VC,VCT,SAINT VINCENT AND THE GRENADINES,2014-05-16 12:36:10.234
44495,606,674,САН-МАРИНО,2011-01-01 00:00:00.000,4712-12-31 00:00:00,1,825298.0,,САН-МАРИНО,SM,SMR,SAN MARINO,2014-05-16 12:36:10.234
44496,606,678,САН-ТОМЕ И ПРИНСИПИ,2011-01-01 00:00:00.000,4712-12-31 00:00:00,1,825298.0,,САН-ТОМЕ И ПРИНСИПИ,ST,STP,SAO TOME AND PRINCIPE,2014-05-16 12:36:10.234
44497,606,682,САУДОВСКАЯ АРАВИЯ,2011-01-01 00:00:00.000,4712-12-31 00:00:00,1,825298.0,,САУДОВСКАЯ АРАВИЯ,SA,SAU,SAUDI ARABIA,2014-05-16 12:36:10.234
44498,606,686,СЕНЕГАЛ,2011-01-01 00:00:00.000,4712-12-31 00:00:00,1,825298.0,,СЕНЕГАЛ,SN,SEN,SENEGAL,2014-05-16 12:36:10.234
44499,606,688,СЕРБИЯ,2011-01-01 00:00:00.000,4712-12-31 00:00:00,1,825298.0,,СЕРБИЯ,RS,SRB,SERBIA,2014-05-16 12:36:10.234
44500,606,690,СЕЙШЕЛЫ,2011-01-01 00:00:00.000,4712-12-31 00:00:00,1,825298.0,,СЕЙШЕЛЫ,SC,SYC,SEYCHELLES,2014-05-16 12:36:10.234
44501,606,694,СЬЕРРА-ЛЕОНЕ,2011-01-01 00:00:00.000,4712-12-31 00:00:00,1,825298.0,,СЬЕРРА-ЛЕОНЕ,SL,SLE,SIERRA LEONE,2014-05-16 12:36:10.234
44502,606,702,СИНГАПУР,2011-01-01 00:00:00.000,4712-12-31 00:00:00,1,825298.0,,СИНГАПУР,SG,SGP,SINGAPORE,2014-05-16 12:36:10.234
44503,606,703,СЛОВАКИЯ,2011-01-01 00:00:00.000,4712-12-31 00:00:00,1,825298.0,,СЛОВАКИЯ,SK,SVK,SLOVAKIA,2014-05-16 12:36:10.234
44504,606,704,ВЬЕТНАМ,2011-01-01 00:00:00.000,4712-12-31 00:00:00,1,825298.0,,ВЬЕТНАМ,VN,VNM,VIET NAM,2014-05-16 12:36:10.234
44505,606,705,СЛОВЕНИЯ,2011-01-01 00:00:00.000,4712-12-31 00:00:00,1,825298.0,,СЛОВЕНИЯ,SI,SVN,SLOVENIA,2014-05-16 12:36:10.234
44506,606,706,СОМАЛИ,2011-01-01 00:00:00.000,4712-12-31 00:00:00,1,825298.0,,СОМАЛИ,SO,SOM,SOMALIA,2014-05-16 12:36:10.234
44507,606,710,ЮЖНАЯ АФРИКА,2011-01-01 00:00:00.000,4712-12-31 00:00:00,1,825298.0,,ЮЖНАЯ АФРИКА,ZA,ZAF,SOUTH AFRICA,2014-05-16 12:36:10.234
44508,606,716,ЗИМБАБВЕ,2011-01-01 00:00:00.000,4712-12-31 00:00:00,1,825298.0,,ЗИМБАБВЕ,ZW,ZWE,ZIMBABWE,2014-05-16 12:36:10.234
44509,606,724,ИСПАНИЯ,2011-01-01 00:00:00.000,4712-12-31 00:00:00,1,825298.0,,ИСПАНИЯ,ES,ESP,SPAIN,2014-05-16 12:36:10.234
44510,606,728,ЮЖНЫЙ СУДАН,2014-03-28 00:00:00.000,4712-12-31 00:00:00,1,1159693.0,,ЮЖНЫЙ СУДАН,SS,SSD,SOUTH SUDAN,2014-05-16 12:36:10.234
44511,606,732,ЗАПАДНАЯ САХАРА,2011-01-01 00:00:00.000,4712-12-31 00:00:00,1,825298.0,,ЗАПАДНАЯ САХАРА,EH,ESH,WESTERN SAHARA,2014-05-16 12:36:10.234
44512,606,736,СУДАН,2011-01-01 00:00:00.000,4712-12-31 00:00:00,1,825298.0,,СУДАН,SD,SDN,SUDAN,2014-05-16 12:36:10.234
44513,606,740,СУРИНАМ,2011-01-01 00:00:00.000,4712-12-31 00:00:00,1,825298.0,,СУРИНАМ,SR,SUR,SURINAME,2014-05-16 12:36:10.234
44514,606,744,ШПИЦБЕРГЕН И ЯН МАЙЕН,2011-01-01 00:00:00.000,4712-12-31 00:00:00,1,825298.0,,ШПИЦБЕРГЕН И ЯН МАЙЕН,SJ,SJM,SVALBARD AND JAN MAYEN,2014-05-16 12:36:10.234
44515,606,748,СВАЗИЛЕНД,2011-01-01 00:00:00.000,4712-12-31 00:00:00,1,825298.0,,СВАЗИЛЕНД,SZ,SWZ,SWAZILAND,2014-05-16 12:36:10.234
44516,606,752,ШВЕЦИЯ,2011-01-01 00:00:00.000,4712-12-31 00:00:00,1,825298.0,,ШВЕЦИЯ,SE,SWE,SWEDEN,2014-05-16 12:36:10.234
44517,606,756,ШВЕЙЦАРИЯ,2011-01-01 00:00:00.000,4712-12-31 00:00:00,1,825298.0,,ШВЕЙЦАРИЯ,CH,CHE,SWITZERLAND,2014-05-16 12:36:10.234
44518,606,760,СИРИЙСКАЯ АРАБСКАЯ РЕСПУБЛИКА,2011-01-01 00:00:00.000,4712-12-31 00:00:00,1,825298.0,,СИРИЙСКАЯ АРАБСКАЯ РЕСПУБЛИКА,SY,SYR,SYRIAN ARAB REPUBLIC,2014-05-16 12:36:10.234
44519,606,762,ТАДЖИКИСТАН,2011-01-01 00:00:00.000,4712-12-31 00:00:00,1,825298.0,,ТАДЖИКИСТАН,TJ,TJK,TAJIKISTAN,2014-05-16 12:36:10.234
44520,606,764,ТАИЛАНД,2011-01-01 00:00:00.000,4712-12-31 00:00:00,1,825298.0,,ТАИЛАНД,TH,THA,THAILAND,2014-05-16 12:36:10.234
44521,606,768,ТОГО,2011-01-01 00:00:00.000,4712-12-31 00:00:00,1,825298.0,,ТОГО,TG,TGO,TOGO,2014-05-16 12:36:10.234
44522,606,772,ТОКЕЛАУ,2011-01-01 00:00:00.000,4712-12-31 00:00:00,1,825298.0,,ТОКЕЛАУ,TK,TKL,TOKELAU,2014-05-16 12:36:10.234
44523,606,776,ТОНГА,2011-01-01 00:00:00.000,4712-12-31 00:00:00,1,825298.0,,ТОНГА,TO,TON,TONGA,2014-05-16 12:36:10.234
44524,606,780,ТРИНИДАД И ТОБАГО,2011-01-01 00:00:00.000,4712-12-31 00:00:00,1,825298.0,,ТРИНИДАД И ТОБАГО,TT,TTO,TRINIDAD AND TOBAGO,2014-05-16 12:36:10.234
44525,606,784,ОБЪЕДИНЕННЫЕ АРАБСКИЕ ЭМИРАТЫ,2011-01-01 00:00:00.000,4712-12-31 00:00:00,1,825298.0,,ОБЪЕДИНЕННЫЕ АРАБСКИЕ ЭМИРАТЫ,AE,ARE,UNITED ARAB EMIRATES,2014-05-16 12:36:10.234
44526,606,788,ТУНИС,2011-01-01 00:00:00.000,4712-12-31 00:00:00,1,825298.0,,ТУНИС,TN,TUN,TUNISIA,2014-05-16 12:36:10.234
44527,606,792,ТУРЦИЯ,2011-01-01 00:00:00.000,4712-12-31 00:00:00,1,825298.0,,ТУРЦИЯ,TR,TUR,TURKEY,2014-05-16 12:36:10.234
44529,606,796,ОСТРОВА ТЕРКС И КАЙКОС,2011-01-01 00:00:00.000,4712-12-31 00:00:00,1,825298.0,,ОСТРОВА ТЕРКС И КАЙКОС,TC,TCA,TURKS AND CAICOS ISLANDS,2014-05-16 12:36:10.234
44530,606,798,ТУВАЛУ,2011-01-01 00:00:00.000,4712-12-31 00:00:00,1,825298.0,,ТУВАЛУ,TV,TUV,TUVALU,2014-05-16 12:36:10.234
44531,606,800,УГАНДА,2011-01-01 00:00:00.000,4712-12-31 00:00:00,1,825298.0,,УГАНДА,UG,UGA,UGANDA,2014-05-16 12:36:10.234
44532,606,804,УКРАИНА,2011-01-01 00:00:00.000,4712-12-31 00:00:00,1,825298.0,,УКРАИНА,UA,UKR,UKRAINE,2014-05-16 12:36:10.234
44533,606,807,РЕСПУБЛИКА МАКЕДОНИЯ,2011-01-01 00:00:00.000,4712-12-31 00:00:00,1,825298.0,,РЕСПУБЛИКА МАКЕДОНИЯ,MK,MKD,"MACEDONIA, THE FORMER YUGOSLAV REPUBLIC OF",2014-05-16 12:36:10.234
44534,606,818,ЕГИПЕТ,2011-01-01 00:00:00.000,4712-12-31 00:00:00,1,825298.0,,ЕГИПЕТ,EG,EGY,EGYPT,2014-05-16 12:36:10.234
44535,606,826,СОЕДИНЕННОЕ КОРОЛЕВСТВО,2011-01-01 00:00:00.000,4712-12-31 00:00:00,1,825298.0,,СОЕДИНЕННОЕ КОРОЛЕВСТВО,GB,GBR,UNITED KINGDOM,2014-05-16 12:36:10.234
44536,606,831,ГЕРНСИ,2011-01-01 00:00:00.000,4712-12-31 00:00:00,1,825298.0,,ГЕРНСИ,GG,GGY,GUERNSEY,2014-05-16 12:36:10.234
44537,606,832,ДЖЕРСИ,2011-01-01 00:00:00.000,4712-12-31 00:00:00,1,825298.0,,ДЖЕРСИ,JE,JEY,JERSEY,2014-05-16 12:36:10.234
44538,606,833,ОСТРОВ МЭН,2011-01-01 00:00:00.000,4712-12-31 00:00:00,1,825298.0,,ОСТРОВ МЭН,IM,IMN,ISLE OF MAN,2014-05-16 12:36:10.234
44539,606,834,"ТАНЗАНИЯ, ОБЪЕДИНЕННАЯ РЕСПУБЛИКА",2011-01-01 00:00:00.000,4712-12-31 00:00:00,1,825298.0,,"ТАНЗАНИЯ, ОБЪЕДИНЕННАЯ РЕСПУБЛИКА",TZ,TZA,"TANZANIA, UNITED REPUBLIC OF",2014-05-16 12:36:10.234
44540,606,840,СОЕДИНЕННЫЕ ШТАТЫ,2011-01-01 00:00:00.000,4712-12-31 00:00:00,1,825298.0,,СОЕДИНЕННЫЕ ШТАТЫ,US,USA,UNITED STATES,2014-05-16 12:36:10.234
44542,606,854,БУРКИНА-ФАСО,2011-01-01 00:00:00.000,4712-12-31 00:00:00,1,825298.0,,БУРКИНА-ФАСО,BF,BFA,BURKINA FASO,2014-05-16 12:36:10.234
44543,606,858,УРУГВАЙ,2011-01-01 00:00:00.000,4712-12-31 00:00:00,1,825298.0,,УРУГВАЙ,UY,URY,URUGUAY,2014-05-16 12:36:10.234
44544,606,860,УЗБЕКИСТАН,2011-01-01 00:00:00.000,4712-12-31 00:00:00,1,825298.0,,УЗБЕКИСТАН,UZ,UZB,UZBEKISTAN,2014-05-16 12:36:10.234
44546,606,876,УОЛЛИС И ФУТУНА,2011-01-01 00:00:00.000,4712-12-31 00:00:00,1,825298.0,,УОЛЛИС И ФУТУНА,WF,WLF,WALLIS AND FUTUNA,2014-05-16 12:36:10.234
44547,606,882,САМОА,2011-01-01 00:00:00.000,4712-12-31 00:00:00,1,825298.0,,САМОА,WS,WSM,SAMOA,2014-05-16 12:36:10.234
44548,606,887,ЙЕМЕН,2011-01-01 00:00:00.000,4712-12-31 00:00:00,1,825298.0,,ЙЕМЕН,YE,YEM,YEMEN,2014-05-16 12:36:10.234
44549,606,894,ЗАМБИЯ,2011-01-01 00:00:00.000,4712-12-31 00:00:00,1,825298.0,,ЗАМБИЯ,ZM,ZMB,ZAMBIA,2014-05-16 12:36:10.234
44550,606,999,РАЗНЫЕ,2011-01-01 00:00:00.000,4712-12-31 00:00:00,1,825298.0,,РАЗНЫЕ,99,999,,2014-05-16 12:36:10.234
44551,606,203,ЧЕХИЯ,2017-09-28 00:00:00.000,4712-12-31 00:00:00,1,2151010.0,,ЧЕХИЯ,CZ,CZE,CZECH REPUBLIC,2017-09-28 12:00:34.385
44552,606,203,ЧЕШСКАЯ РЕСПУБЛИКА,2011-01-01 00:00:00.000,2017-09-27 00:00:00,1,825298.0,2151010.0,ЧЕШСКАЯ РЕСПУБЛИКА,CZ,CZE,CZECH REPUBLIC,2017-09-28 12:00:34.385
44553,606,68,БОЛИВИЯ (МНОГОНАЦИОНАЛЬНОЕ ГОСУДАРСТВО),2018-12-06 00:00:00.000,4712-12-31 00:00:00,1,2228907.0,,БОЛИВИЯ (МНОГОНАЦИОНАЛЬНОЕ ГОСУДАРСТВО),BO,BOL,"BOLIVIA, PLURINATIONAL STATE OF",2018-11-30 14:47:47.316
44554,606,68,"БОЛИВИЯ, МНОГОНАЦИОНАЛЬНОЕ ГОСУДАРСТВО",2014-03-28 00:00:00.000,2018-12-05 00:00:00,1,1159693.0,2228907.0,"БОЛИВИЯ, МНОГОНАЦИОНАЛЬНОЕ ГОСУДАРСТВО",BO,BOL,"BOLIVIA, PLURINATIONAL STATE OF",2018-11-30 14:47:47.316
44555,606,92,ВИРГИНСКИЕ ОСТРОВА (БРИТАНСКИЕ),2018-12-06 00:00:00.000,4712-12-31 00:00:00,1,2228907.0,,ВИРГИНСКИЕ ОСТРОВА (БРИТАНСКИЕ),VG,VGB,"VIRGIN ISLANDS, BRITISH",2018-11-30 14:47:47.316
44556,606,92,"ВИРГИНСКИЕ ОСТРОВА, БРИТАНСКИЕ",2011-01-01 00:00:00.000,2018-12-05 00:00:00,1,825298.0,2228907.0,"ВИРГИНСКИЕ ОСТРОВА, БРИТАНСКИЕ",VG,VGB,"VIRGIN ISLANDS, BRITISH",2018-11-30 14:47:47.316
44557,606,364,ИРАН (ИСЛАМСКАЯ РЕСПУБЛИКА),2018-12-06 00:00:00.000,4712-12-31 00:00:00,1,2228907.0,,ИРАН (ИСЛАМСКАЯ РЕСПУБЛИКА),IR,IRN,"IRAN, ISLAMIC REPUBLIC OF",2018-11-30 14:47:47.316
44558,606,364,"ИРАН, ИСЛАМСКАЯ РЕСПУБЛИКА",2011-01-01 00:00:00.000,2018-12-05 00:00:00,1,825298.0,2228907.0,"ИРАН, ИСЛАМСКАЯ РЕСПУБЛИКА",IR,IRN,"IRAN, ISLAMIC REPUBLIC OF",2018-11-30 14:47:47.316
44559,606,408,КОРЕЯ (НАРОДНО-ДЕМОКРАТИЧ. РЕСПУБЛИКА),2018-12-06 00:00:00.000,4712-12-31 00:00:00,1,2228907.0,,КОРЕЯ (НАРОДНО-ДЕМОКРАТИЧ. РЕСПУБЛИКА),KP,PRK,"KOREA, DEMOCRATIC PEOPLE'S REPUBLIC OF",2018-11-30 14:47:47.316
44560,606,408,"КОРЕЯ, НАРОДНО-ДЕМОКРАТИЧ. РЕСПУБЛИКА",2014-03-28 00:00:00.000,2018-12-05 00:00:00,1,1159693.0,2228907.0,"КОРЕЯ, НАРОДНО-ДЕМОКРАТИЧ. РЕСПУБЛИКА",KP,PRK,"KOREA, DEMOCRATIC PEOPLE'S REPUBLIC OF",2018-11-30 14:47:47.316
44561,606,417,КИРГИЗИЯ,2011-01-01 00:00:00.000,2018-12-05 00:00:00,1,825298.0,2228907.0,КИРГИЗИЯ,KG,KGZ,KYRGYZSTAN,2018-11-30 14:47:47.316
44562,606,417,КЫРГЫЗСТАН,2018-12-06 00:00:00.000,4712-12-31 00:00:00,1,2228907.0,,КЫРГЫЗСТАН,KG,KGZ,KYRGYZSTAN,2018-11-30 14:47:47.316
44563,606,583,МИКРОНЕЗИЯ (ФЕДЕРАТИВНЫЕ ШТАТЫ),2018-12-06 00:00:00.000,4712-12-31 00:00:00,1,2228907.0,,МИКРОНЕЗИЯ (ФЕДЕРАТИВНЫЕ ШТАТЫ),FM,FSM,"MICRONESIA, FEDERATED STATES OF",2018-11-30 14:47:47.316
44564,606,583,"МИКРОНЕЗИЯ, ФЕДЕРАТИВНЫЕ ШТАТЫ",2011-01-01 00:00:00.000,2018-12-05 00:00:00,1,825298.0,2228907.0,"МИКРОНЕЗИЯ, ФЕДЕРАТИВНЫЕ ШТАТЫ",FM,FSM,"MICRONESIA, FEDERATED STATES OF",2018-11-30 14:47:47.316
44565,606,663,СЕН-МАРТЕН,2011-01-01 00:00:00.000,2018-12-05 00:00:00,1,825298.0,2228907.0,СЕН-МАРТЕН,MF,MAF,SAINT MARTIN (FRENCH PART),2018-11-30 14:47:47.316
44566,606,663,СЕН-МАРТЕН (ФРАНЦУЗСКАЯ ЧАСТЬ),2018-12-06 00:00:00.000,4712-12-31 00:00:00,1,2228907.0,,СЕН-МАРТЕН (ФРАНЦУЗСКАЯ ЧАСТЬ),MF,MAF,SAINT MARTIN (FRENCH PART),2018-11-30 14:47:47.316
44567,606,795,ТУРКМЕНИСТАН,2018-12-06 00:00:00.000,4712-12-31 00:00:00,1,2228907.0,,ТУРКМЕНИСТАН,TM,TKM,TURKMENISTAN,2018-11-30 14:47:47.316
44568,606,795,ТУРКМЕНИЯ,2011-01-01 00:00:00.000,2018-12-05 00:00:00,1,825298.0,2228907.0,ТУРКМЕНИЯ,TM,TKM,TURKMENISTAN,2018-11-30 14:47:47.316
44569,606,850,ВИРГИНСКИЕ ОСТРОВА (США),2018-12-06 00:00:00.000,4712-12-31 00:00:00,1,2228907.0,,ВИРГИНСКИЕ ОСТРОВА (США),VI,VIR,"VIRGIN ISLANDS, U.S.",2018-11-30 14:47:47.316
44570,606,850,"ВИРГИНСКИЕ ОСТРОВА, США",2011-01-01 00:00:00.000,2018-12-05 00:00:00,1,825298.0,2228907.0,"ВИРГИНСКИЕ ОСТРОВА, США",VI,VIR,"VIRGIN ISLANDS, U.S.",2018-11-30 14:47:47.316
44571,606,862,ВЕНЕСУЭЛА (БОЛИВАРИАНСКАЯ РЕСПУБЛИКА),2018-12-06 00:00:00.000,4712-12-31 00:00:00,1,2228907.0,,ВЕНЕСУЭЛА (БОЛИВАРИАНСКАЯ РЕСПУБЛИКА),VE,VEN,"VENEZUELA, BOLIVARIAN REPUBLIC OF",2018-11-30 14:47:47.316
44572,606,862,"ВЕНЕСУЭЛА,БОЛИВАРИАНСКАЯ РЕСПУБЛИКА",2011-01-01 00:00:00.000,2018-12-05 00:00:00,1,825298.0,2228907.0,"ВЕНЕСУЭЛА,БОЛИВАРИАНСКАЯ РЕСПУБЛИКА",VE,VEN,"VENEZUELA, BOLIVARIAN REPUBLIC OF",2018-11-30 14:47:47.316
